PiS,KO,Lewica,PSL-Kukiz15,Konfederacja,niez.
1.0,1.0,1.0,0.9629629629629629,-0.6,1.0
1.0,1.0,1.0,1.0,1.0,1.0
1.0,0.9921875,1.0,1.0,1.0,1.0
0.991304347826087,1.0,1.0,1.0,0.2222222222222222,1.0
-1.0,0.984251968503937,1.0,1.0,1.0,1.0
-1.0,1.0,1.0,1.0,1.0,1.0
-0.987012987012987,-1.0,-1.0,-1.0,-0.9090909090909091,-1.0
-0.9956709956709957,-0.983739837398374,-0.9555555555555556,-1.0,-1.0,-1.0
1.0,-0.9846153846153847,-1.0,-0.9310344827586207,-1.0,-1.0
-1.0,-0.984375,-1.0,-1.0,-1.0,-1.0
-0.9868421052631579,-0.9689922480620154,-1.0,-1.0,-1.0,-1.0
-0.9694323144104804,-0.9844961240310077,-1.0,-1.0,-1.0,-1.0
-0.9823008849557522,-1.0,-1.0,-1.0,-1.0,-1.0
0.982532751091703,-0.9921259842519685,-1.0,-1.0,-1.0,-1.0
-0.9741379310344828,-1.0,-0.9787234042553191,-1.0,-1.0,-1.0
-1.0,-1.0,-1.0,-1.0,-1.0,-1.0
0.9264069264069265,-1.0,-1.0,-1.0,-1.0,-1.0
0.9913793103448276,-1.0,-1.0,-1.0,0.0,-1.0
-0.9741379310344828,-1.0,-1.0,-1.0,-1.0,-1.0
0.9475982532751092,-1.0,-1.0,-1.0,0.0,-1.0
-0.9913793103448276,-1.0,-1.0,-1.0,0.0,-1.0
1.0,-0.992,-1.0,-1.0,0.0,-1.0
0.991304347826087,-1.0,1.0,-1.0,-0.9,-1.0
0.9310344827586207,-1.0,-1.0,-1.0,0.9,-1.0
1.0,-1.0,-1.0,-1.0,-1.0,-1.0
0.9741379310344828,-1.0,-1.0,-1.0,-1.0,-1.0
0.9913419913419913,-1.0,-1.0,-1.0,-1.0,-1.0
0.9913793103448276,-1.0,-1.0,-1.0,-1.0,-1.0
-0.974025974025974,-1.0,-1.0,-1.0,0.0,-1.0
-1.0,-1.0,1.0,-1.0,-1.0,-1.0
-0.9913419913419913,-1.0,-1.0,-1.0,-1.0,-1.0
-1.0,-1.0,-1.0,-1.0,-1.0,-1.0
0.8201754385964912,-1.0,-1.0,-1.0,-0.8181818181818182,-1.0
-0.9396551724137931,-1.0,-1.0,-1.0,-1.0,-1.0
0.991304347826087,-0.984,-0.9523809523809523,-1.0,0.1,-1.0
0.9742489270386266,-1.0,-1.0,-1.0,0.18181818181818182,-1.0
-0.9911894273127754,-1.0,-1.0,-1.0,-1.0,-1.0
0.8427947598253275,-1.0,-1.0,-1.0,0.2727272727272727,-1.0
0.974025974025974,-1.0,0.9574468085106383,-1.0,-1.0,-1.0
-0.9070796460176991,-1.0,-1.0,-1.0,-1.0,-1.0
-0.9912663755458515,-1.0,-1.0,-1.0,0.0,-1.0
-0.9826086956521739,-1.0,-1.0,-1.0,0.0,-1.0
0.956140350877193,-1.0,-1.0,-1.0,-0.8181818181818182,-0.5
-0.9823008849557522,-1.0,-1.0,-1.0,0.0,-1.0
-0.9913419913419913,-1.0,-1.0,-1.0,-0.8181818181818182,-1.0
-0.9912663755458515,-1.0,-1.0,-1.0,-0.9090909090909091,-1.0
0.9653679653679653,-1.0,-1.0,-1.0,-1.0,-1.0
0.982532751091703,-1.0,-1.0,-1.0,1.0,-1.0
0.974025974025974,-1.0,-1.0,-1.0,1.0,-1.0
-0.991304347826087,-1.0,-1.0,-1.0,-1.0,-1.0
1.0,-1.0,-1.0,-1.0,-1.0,-1.0
-0.9826839826839827,-1.0,-1.0,-1.0,-1.0,-1.0
0.9475982532751092,-0.04065040650406504,0.0,-1.0,-1.0,-0.5
0.9912280701754386,0.8211382113821138,1.0,0.52,0.5,1.0
0.9907407407407407,1.0,1.0,1.0,0.875,1.0
-0.9913793103448276,1.0,1.0,1.0,-1.0,1.0
-1.0,1.0,1.0,1.0,-1.0,1.0
-1.0,1.0,1.0,1.0,1.0,1.0
-1.0,1.0,0.8723404255319149,1.0,1.0,1.0
-1.0,1.0,0.8723404255319149,1.0,0.0,1.0
-1.0,1.0,1.0,1.0,1.0,1.0
-1.0,1.0,0.8723404255319149,1.0,1.0,1.0
-1.0,1.0,0.75,1.0,1.0,1.0
-1.0,1.0,1.0,1.0,0.0,1.0
0.974025974025974,0.9923076923076923,0.7446808510638298,0.06666666666666667,-1.0,1.0
-0.9909502262443439,1.0,0.7777777777777778,1.0,1.0,1.0
-0.9911504424778761,1.0,-0.08695652173913043,1.0,1.0,1.0
-0.995575221238938,0.9922480620155039,-0.10638297872340426,1.0,1.0,1.0
-1.0,1.0,0.782608695652174,1.0,0.0,1.0
-0.9913793103448276,1.0,0.782608695652174,1.0,1.0,1.0
-0.9956521739130435,1.0,0.8222222222222222,1.0,1.0,1.0
-0.9956140350877193,1.0,0.782608695652174,1.0,1.0,1.0
-1.0,1.0,0.8478260869565217,1.0,0.09090909090909091,1.0
-0.9869565217391304,1.0,1.0,1.0,1.0,1.0
-0.9913419913419913,1.0,1.0,1.0,1.0,1.0
-1.0,1.0,1.0,1.0,1.0,1.0
-1.0,1.0,1.0,1.0,1.0,1.0
-0.9824561403508771,1.0,1.0,1.0,1.0,1.0
-0.9913793103448276,1.0,1.0,1.0,1.0,1.0
0.9826839826839827,-0.9242424242424242,-0.7446808510638298,1.0,0.0,-1.0
1.0,0.9846153846153847,-0.7872340425531915,1.0,0.0,1.0
-1.0,1.0,0.7777777777777778,1.0,1.0,1.0
-1.0,1.0,0.75,1.0,1.0,1.0
-0.991304347826087,1.0,0.7872340425531915,1.0,1.0,1.0
-1.0,1.0,0.7446808510638298,1.0,1.0,1.0
-1.0,1.0,0.7872340425531915,1.0,1.0,0.5
-1.0,1.0,0.7777777777777778,1.0,1.0,1.0
-1.0,1.0,0.9565217391304348,1.0,0.0,0.5
-1.0,1.0,0.7391304347826086,1.0,0.0,0.5
-1.0,1.0,0.7391304347826086,1.0,0.8181818181818182,1.0
-1.0,1.0,0.7446808510638298,1.0,0.0,1.0
-1.0,1.0,0.7333333333333333,1.0,1.0,1.0
-1.0,1.0,0.7446808510638298,1.0,0.8,1.0
-1.0,1.0,1.0,1.0,0.1,1.0
-1.0,1.0,0.7391304347826086,1.0,1.0,1.0
-1.0,1.0,0.8913043478260869,1.0,1.0,1.0
-1.0,1.0,1.0,1.0,0.0,1.0
-1.0,1.0,0.75,1.0,1.0,1.0
-1.0,1.0,0.7777777777777778,1.0,0.9090909090909091,1.0
-1.0,1.0,1.0,1.0,1.0,1.0
-0.990909090909091,1.0,1.0,1.0,1.0,1.0
0.986784140969163,-0.9849624060150376,-0.7391304347826086,-1.0,-1.0,-1.0
0.9826839826839827,-0.9312977099236641,0.0,-0.9310344827586207,0.0,-1.0
1.0,-0.9534883720930233,-0.9777777777777777,-0.9333333333333333,0.2727272727272727,-1.0
-0.956140350877193,-0.984375,-0.9772727272727273,-1.0,0.0,-1.0
0.9650655021834061,-0.9538461538461539,-1.0,-1.0,0.9090909090909091,0.0
0.9823788546255506,0.952,1.0,0.9285714285714286,0.09090909090909091,1.0
0.9912663755458515,1.0,1.0,0.9310344827586207,0.8181818181818182,1.0
-0.9911894273127754,0.9689922480620154,1.0,0.9259259259259259,0.9090909090909091,1.0
-0.9913419913419913,0.9923076923076923,1.0,1.0,0.0,1.0
-1.0,1.0,1.0,1.0,0.0,1.0
-1.0,1.0,1.0,1.0,0.09090909090909091,1.0
-0.9911504424778761,1.0,1.0,1.0,0.9090909090909091,1.0
-1.0,1.0,1.0,1.0,0.0,1.0
0.9826839826839827,1.0,1.0,0.9666666666666667,-0.1,1.0
0.9461883408071748,1.0,1.0,1.0,0.9090909090909091,1.0
0.9646017699115044,0.9844961240310077,1.0,1.0,0.8181818181818182,1.0
0.9826086956521739,0.9922480620155039,1.0,1.0,0.8181818181818182,1.0
0.9914163090128756,1.0,1.0,1.0,0.0,1.0
-0.9734513274336283,0.9921875,1.0,1.0,-0.6363636363636364,1.0
0.9828326180257511,-0.8863636363636364,-1.0,-0.8666666666666667,0.7,0.0
0.982532751091703,0.9534883720930233,0.9772727272727273,-0.9310344827586207,0.0,1.0
-1.0,0.09774436090225563,1.0,1.0,-1.0,0.5
-0.9913419913419913,0.030303030303030304,1.0,1.0,0.9090909090909091,0.5
-1.0,1.0,1.0,1.0,-1.0,1.0
-1.0,0.9924812030075187,1.0,1.0,0.0,1.0
-1.0,0.03787878787878788,1.0,1.0,0.0,0.5
-1.0,1.0,1.0,1.0,-1.0,1.0
-1.0,0.9923076923076923,0.0,1.0,0.0,1.0
-1.0,1.0,1.0,1.0,-1.0,1.0
-1.0,1.0,1.0,1.0,-1.0,1.0
-0.9956140350877193,0.023076923076923078,-1.0,1.0,1.0,0.5
-1.0,0.9923664122137404,1.0,1.0,-1.0,1.0
-1.0,1.0,1.0,1.0,1.0,1.0
-1.0,1.0,1.0,1.0,1.0,1.0
-1.0,0.9846153846153847,1.0,1.0,-1.0,1.0
-1.0,0.9844961240310077,1.0,1.0,-1.0,1.0
-1.0,0.046875,0.9555555555555556,0.9666666666666667,0.0,0.5
-1.0,0.046875,-1.0,1.0,1.0,0.5
-1.0,0.031007751937984496,1.0,1.0,-1.0,0.0
-1.0,0.015503875968992248,1.0,1.0,1.0,0.0
-1.0,0.9921875,1.0,1.0,1.0,1.0
0.9828326180257511,0.9920634920634921,1.0,1.0,0.8181818181818182,1.0
-1.0,0.03125,-0.9534883720930233,1.0,1.0,0.5
-1.0,0.9844961240310077,-0.9565217391304348,1.0,0.09090909090909091,1.0
-1.0,0.023076923076923078,-1.0,1.0,1.0,0.5
-1.0,0.9694656488549618,-1.0,1.0,1.0,1.0
-1.0,0.9846153846153847,-1.0,1.0,1.0,1.0
-1.0,1.0,0.9565217391304348,1.0,-1.0,1.0
-1.0,0.9769230769230769,-1.0,1.0,1.0,1.0
-1.0,0.9844961240310077,-0.9777777777777777,1.0,1.0,1.0
-1.0,0.9692307692307692,-1.0,1.0,1.0,1.0
-1.0,0.9761904761904762,0.9565217391304348,1.0,0.0,1.0
-1.0,0.023622047244094488,-1.0,1.0,1.0,0.5
0.9734513274336283,0.015625,-0.02127659574468085,1.0,-0.8,0.0
1.0,-0.984251968503937,-1.0,-0.9642857142857143,-1.0,-1.0
0.9567099567099567,-0.984375,-1.0,-1.0,-1.0,-1.0
-0.991304347826087,1.0,1.0,1.0,0.7777777777777778,1.0
1.0,-0.9769230769230769,-1.0,-1.0,-0.8888888888888888,-1.0
1.0,-1.0,-1.0,-0.9259259259259259,-1.0,-1.0
-1.0,0.984375,1.0,0.7241379310344828,0.6666666666666666,1.0
-1.0,0.9844961240310077,0.9583333333333334,0.8275862068965517,0.0,0.5
-1.0,0.9921875,1.0,1.0,-0.4444444444444444,1.0
-1.0,1.0,1.0,1.0,-0.375,1.0
-1.0,0.984251968503937,1.0,1.0,-0.5,1.0
-0.9913793103448276,0.984375,1.0,0.9666666666666667,-0.125,1.0
0.9869565217391304,-0.9844961240310077,-1.0,-0.8620689655172413,-0.7777777777777778,-1.0
-1.0,1.0,1.0,1.0,1.0,1.0
-1.0,0.9847328244274809,0.9782608695652174,0.9333333333333333,0.8,1.0
1.0,-0.9538461538461539,-1.0,-0.8666666666666667,-0.9090909090909091,0.5
-0.9823008849557522,-0.9699248120300752,-1.0,-0.9333333333333333,0.8181818181818182,-1.0
-1.0,0.8484848484848485,1.0,0.26666666666666666,-1.0,1.0
-1.0,0.9923664122137404,-0.9565217391304348,1.0,-1.0,1.0
-1.0,0.038461538461538464,-1.0,1.0,1.0,0.5
-0.9826839826839827,0.9849624060150376,1.0,1.0,1.0,0.0
-0.9822222222222222,-1.0,0.0,-1.0,0.9090909090909091,-1.0
-0.9782608695652174,-0.007518796992481203,0.0,1.0,1.0,0.5
-0.9695652173913043,0.9924242424242424,1.0,1.0,1.0,1.0
-1.0,1.0,1.0,1.0,-0.9,1.0
-1.0,0.023622047244094488,-1.0,1.0,1.0,-0.5
-0.9913419913419913,-0.9770992366412213,-1.0,-0.5333333333333333,1.0,-1.0
-1.0,0.9921875,-1.0,0.9310344827586207,0.7777777777777778,1.0
-1.0,1.0,0.9130434782608695,1.0,-0.09090909090909091,1.0
-1.0,0.9923076923076923,-1.0,1.0,1.0,1.0
-1.0,0.9847328244274809,1.0,0.9333333333333333,1.0,1.0
-1.0,1.0,1.0,0.9642857142857143,-1.0,0.0
-1.0,0.9772727272727273,-1.0,1.0,0.1111111111111111,1.0
-1.0,0.015384615384615385,-1.0,1.0,1.0,-0.5
-1.0,0.007633587786259542,0.9523809523809523,1.0,0.09090909090909091,0.5
-1.0,0.984251968503937,1.0,1.0,0.09090909090909091,0.0
-1.0,0.9541984732824428,1.0,1.0,-0.1,1.0
-1.0,1.0,1.0,1.0,0.0,1.0
-1.0,0.015625,1.0,1.0,0.0,0.0
-1.0,0.9922480620155039,1.0,1.0,0.0,1.0
0.8761061946902655,-0.9844961240310077,-1.0,-0.8571428571428571,-1.0,-1.0
-1.0,0.9384615384615385,1.0,1.0,0.0,1.0
-0.991304347826087,1.0,1.0,1.0,1.0,0.0
-1.0,1.0,1.0,1.0,0.0,1.0
-1.0,1.0,-0.9111111111111111,1.0,-0.8888888888888888,1.0
-1.0,1.0,1.0,1.0,0.2727272727272727,1.0
-1.0,0.984251968503937,1.0,1.0,0.4,1.0
-1.0,1.0,1.0,1.0,0.1111111111111111,1.0
-1.0,0.9844961240310077,0.0,1.0,0.0,1.0
-1.0,1.0,1.0,1.0,0.3,1.0
-1.0,1.0,1.0,1.0,1.0,0.5
-1.0,1.0,1.0,1.0,1.0,1.0
-1.0,1.0,1.0,1.0,0.0,1.0
-1.0,0.9923076923076923,1.0,1.0,-0.1,1.0
-1.0,0.9772727272727273,-1.0,-0.8,0.0,0.0
-0.9911504424778761,0.022556390977443608,-1.0,0.9333333333333333,1.0,-0.5
-1.0,1.0,1.0,1.0,0.0,1.0
-1.0,1.0,1.0,1.0,0.18181818181818182,1.0
-1.0,1.0,1.0,1.0,0.0,1.0
-1.0,1.0,1.0,1.0,0.0,1.0
-1.0,1.0,1.0,1.0,0.0,1.0
-1.0,1.0,1.0,1.0,0.0,1.0
-1.0,1.0,1.0,1.0,0.36363636363636365,1.0
-0.9868421052631579,1.0,0.25,1.0,0.0,0.5
-1.0,1.0,0.15217391304347827,0.9629629629629629,-0.09090909090909091,0.5
-1.0,1.0,1.0,1.0,0.0,1.0
-1.0,-0.9692307692307692,-0.9148936170212766,-0.7931034482758621,0.5454545454545454,0.0
-1.0,1.0,1.0,0.9285714285714286,-0.7777777777777778,1.0
-0.9823008849557522,0.9689922480620154,-1.0,1.0,1.0,1.0
-1.0,1.0,-0.10638297872340426,1.0,0.8888888888888888,1.0
-1.0,1.0,1.0,1.0,0.9090909090909091,1.0
-0.9911504424778761,0.984,0.02127659574468085,1.0,1.0,0.5
-0.991304347826087,1.0,1.0,1.0,-1.0,1.0
-1.0,1.0,1.0,1.0,-1.0,1.0
-1.0,0.984,1.0,1.0,-1.0,1.0
-1.0,-0.859375,-1.0,1.0,0.8181818181818182,0.0
-1.0,1.0,0.8695652173913043,1.0,0.36363636363636365,1.0
-1.0,1.0,1.0,1.0,-0.3,1.0
-1.0,1.0,0.9761904761904762,1.0,-1.0,1.0
-1.0,1.0,1.0,1.0,-1.0,1.0
-1.0,0.9624060150375939,0.0,1.0,0.0,1.0
-1.0,0.0,-0.925,1.0,1.0,0.0
0.991304347826087,0.9770992366412213,0.9761904761904762,0.7666666666666667,-1.0,1.0
-1.0,1.0,1.0,0.75,-0.6,1.0
0.968609865470852,-0.9612403100775194,-0.7333333333333333,-0.9333333333333333,-1.0,0.0
-0.9652173913043478,0.984375,1.0,1.0,1.0,0.5
-0.974025974025974,0.9847328244274809,1.0,1.0,0.875,0.5
0.973568281938326,-0.9924242424242424,-0.9565217391304348,-0.6666666666666666,-1.0,0.5
0.9956140350877193,0.9606299212598425,1.0,1.0,0.25,1.0
1.0,1.0,1.0,0.9642857142857143,0.8571428571428571,1.0
1.0,0.031007751937984496,1.0,0.9655172413793104,0.0,0.0
0.9911111111111112,-0.007633587786259542,-1.0,1.0,-1.0,0.5
1.0,0.007751937984496124,1.0,1.0,0.0,0.5
-0.9642857142857143,0.9847328244274809,0.9782608695652174,0.9655172413793104,0.0,0.5
-1.0,0.9846153846153847,0.9782608695652174,0.9655172413793104,0.125,1.0
-0.9913419913419913,0.9847328244274809,0.9791666666666666,0.9666666666666667,0.0,1.0
-1.0,0.9769230769230769,1.0,0.9655172413793104,0.0,1.0
-1.0,0.03787878787878788,1.0,0.9333333333333333,0.0,1.0
-1.0,0.022727272727272728,1.0,0.9655172413793104,0.0,1.0
0.9517543859649122,-0.9541984732824428,-1.0,0.1,0.0,0.0
1.0,-0.9770992366412213,-0.9583333333333334,0.03333333333333333,0.0,0.0
0.9912663755458515,0.022556390977443608,0.0,-0.8928571428571429,0.0,0.0
-1.0,0.03759398496240601,1.0,-0.9310344827586207,0.0,0.5
0.982532751091703,1.0,1.0,0.9310344827586207,0.0,1.0
1.0,-1.0,-0.9583333333333334,-1.0,-1.0,-0.5
-0.9695652173913043,0.9694656488549618,-0.9583333333333334,1.0,0.0,1.0
0.9912663755458515,-0.9850746268656716,1.0,0.034482758620689655,0.0,1.0
1.0,0.9848484848484849,1.0,1.0,0.7777777777777778,1.0
1.0,1.0,1.0,1.0,0.0,1.0
0.9913793103448276,1.0,1.0,1.0,0.8888888888888888,1.0
0.9826086956521739,1.0,1.0,1.0,0.0,1.0
0.9912280701754386,1.0,1.0,1.0,0.7777777777777778,1.0
0.9912663755458515,1.0,1.0,1.0,0.2222222222222222,1.0
0.9912663755458515,1.0,1.0,1.0,0.0,1.0
1.0,1.0,1.0,1.0,0.0,1.0
1.0,1.0,1.0,1.0,0.0,1.0
1.0,1.0,1.0,1.0,0.0,1.0
1.0,1.0,1.0,1.0,-0.4444444444444444,1.0
-0.973568281938326,1.0,0.75,0.9333333333333333,1.0,1.0
-0.9914163090128756,0.9924812030075187,0.041666666666666664,1.0,1.0,1.0
0.991304347826087,-1.0,-1.0,-1.0,0.0,-1.0
-0.9914163090128756,-1.0,-1.0,-1.0,-1.0,-1.0
-1.0,-0.9692307692307692,-1.0,-1.0,-1.0,-1.0
0.9913793103448276,-1.0,-1.0,-1.0,-1.0,-1.0
-0.9827586206896551,-1.0,-1.0,-1.0,-0.7777777777777778,-1.0
-0.9912663755458515,-1.0,1.0,-1.0,-1.0,-1.0
-0.982532751091703,-1.0,-1.0,-0.9333333333333333,0.0,-1.0
0.9826086956521739,-0.9844961240310077,-1.0,-1.0,-0.8888888888888888,-1.0
0.973568281938326,-1.0,-1.0,-1.0,-0.8888888888888888,-1.0
-0.9827586206896551,-1.0,-1.0,-1.0,-0.2222222222222222,-1.0
-0.9913419913419913,-1.0,-1.0,-1.0,0.0,-1.0
0.8078602620087336,-0.9847328244274809,-1.0,-1.0,-1.0,-1.0
0.8078602620087336,-0.9847328244274809,-1.0,-1.0,-1.0,-1.0
0.834061135371179,-1.0,-1.0,-1.0,0.8888888888888888,-1.0
1.0,-1.0,-1.0,-1.0,-1.0,-1.0
-0.9912663755458515,-1.0,-1.0,-1.0,-1.0,-1.0
-1.0,-1.0,-1.0,-1.0,-1.0,-1.0
1.0,-1.0,-1.0,-1.0,-1.0,-1.0
0.9823788546255506,-1.0,-1.0,-1.0,-1.0,-1.0
0.9911894273127754,-1.0,-1.0,-1.0,0.0,-1.0
1.0,-1.0,-1.0,-1.0,-0.75,-1.0
1.0,-1.0,-1.0,-1.0,-0.8888888888888888,-1.0
1.0,-1.0,-1.0,-1.0,-1.0,-1.0
1.0,-1.0,-1.0,-1.0,-1.0,-1.0
-0.9911894273127754,-1.0,-1.0,-1.0,-1.0,-1.0
0.8961038961038961,-1.0,-1.0,-1.0,0.75,-1.0
1.0,-1.0,-0.021739130434782608,-1.0,0.0,-1.0
1.0,-1.0,-0.02127659574468085,-1.0,1.0,-1.0
-0.9913793103448276,-1.0,-1.0,-1.0,-1.0,-1.0
0.991304347826087,-1.0,-1.0,-1.0,-0.8888888888888888,-1.0
1.0,-1.0,-0.022222222222222223,-1.0,-0.5555555555555556,-1.0
1.0,-1.0,-1.0,-1.0,-1.0,-0.5
1.0,-0.984251968503937,-1.0,-1.0,0.0,-1.0
-0.9652173913043478,-0.9849624060150376,-1.0,-1.0,-0.875,-1.0
0.9912663755458515,-1.0,-1.0,-1.0,0.0,-1.0
1.0,-1.0,-1.0,-1.0,-1.0,-1.0
-0.991304347826087,-1.0,-1.0,-1.0,-0.8888888888888888,-1.0
-0.9823788546255506,-1.0,-1.0,-1.0,-1.0,-1.0
0.9052631578947369,0.896,0.9130434782608695,-0.9545454545454546,-1.0,0.0
0.9792746113989638,0.984375,0.9787234042553191,-0.9130434782608695,-1.0,0.0
0.9693877551020408,0.9763779527559056,0.9148936170212766,-0.8695652173913043,-1.0,0.0
0.98989898989899,0.9523809523809523,1.0,-0.9565217391304348,-1.0,1.0
-0.9590909090909091,0.9609375,-0.9347826086956522,0.56,1.0,1.0
-0.6046511627906976,-1.0,-1.0,0.4230769230769231,1.0,0.0
0.9675925925925926,1.0,1.0,0.7692307692307693,0.0,1.0
0.5981308411214953,1.0,0.9523809523809523,-0.8076923076923077,-1.0,1.0
-1.0,1.0,1.0,1.0,1.0,1.0
-1.0,0.9924242424242424,1.0,1.0,0.9090909090909091,1.0
-1.0,1.0,1.0,1.0,-0.7272727272727273,1.0
-1.0,1.0,0.9375,0.9655172413793104,0.09090909090909091,1.0
-1.0,1.0,1.0,0.9310344827586207,-0.8181818181818182,1.0
-1.0,1.0,1.0,1.0,0.9090909090909091,1.0
-0.9912663755458515,1.0,1.0,1.0,1.0,1.0
-1.0,1.0,1.0,1.0,0.9090909090909091,1.0
-1.0,1.0,-1.0,1.0,-0.9,1.0
0.9869565217391304,0.9925373134328358,1.0,1.0,-1.0,1.0
-1.0,1.0,1.0,1.0,-0.6363636363636364,1.0
1.0,1.0,1.0,0.034482758620689655,-1.0,1.0
1.0,0.9774436090225563,1.0,1.0,0.9090909090909091,1.0
-1.0,0.09774436090225563,0.0,1.0,-0.09090909090909091,0.5
0.9741379310344828,0.9925373134328358,1.0,1.0,-0.8181818181818182,1.0
1.0,1.0,1.0,1.0,-0.1111111111111111,1.0
1.0,1.0,1.0,0.9666666666666667,1.0,1.0
-0.991304347826087,-1.0,-1.0,0.9333333333333333,1.0,-0.5
-0.982532751091703,-0.9850746268656716,-1.0,1.0,1.0,-0.5
1.0,0.9848484848484849,1.0,1.0,-1.0,1.0
1.0,0.9389312977099237,0.022727272727272728,0.14285714285714285,-1.0,1.0
-0.9912663755458515,0.9699248120300752,1.0,0.9333333333333333,1.0,1.0
0.991304347826087,-1.0,0.0,1.0,-0.9090909090909091,-1.0
-1.0,1.0,1.0,1.0,0.9,1.0
-0.9913793103448276,1.0,1.0,1.0,1.0,1.0
-0.9955555555555555,1.0,1.0,1.0,1.0,1.0
-1.0,1.0,1.0,1.0,1.0,0.0
1.0,-0.9552238805970149,0.0,1.0,-1.0,-1.0
1.0,-1.0,-1.0,0.9655172413793104,-1.0,0.0
0.991304347826087,-0.015151515151515152,1.0,1.0,-0.9090909090909091,0.5
1.0,-0.9925373134328358,0.0,1.0,-1.0,-0.5
1.0,-0.007518796992481203,0.0,1.0,-1.0,0.5
1.0,0.9924812030075187,1.0,1.0,-1.0,1.0
1.0,-0.9393939393939394,0.0,1.0,-1.0,-0.5
-0.9913419913419913,0.2578125,1.0,1.0,0.5,0.5
1.0,1.0,1.0,1.0,-1.0,1.0
-0.9826086956521739,1.0,1.0,1.0,1.0,1.0
-1.0,-1.0,-1.0,-1.0,-1.0,-1.0
0.9736842105263158,-1.0,-1.0,-1.0,-1.0,-1.0
-0.9913419913419913,-1.0,-1.0,-1.0,-1.0,-1.0
-1.0,-1.0,-1.0,-1.0,-1.0,-1.0
1.0,-1.0,-1.0,-1.0,-1.0,-0.5
-1.0,-1.0,-1.0,-1.0,-1.0,-1.0
-1.0,-1.0,0.0,-1.0,-1.0,-1.0
-1.0,-1.0,-0.02127659574468085,-1.0,-1.0,-1.0
1.0,-1.0,-1.0,-1.0,-1.0,-1.0
1.0,-1.0,-1.0,-1.0,-1.0,-1.0
1.0,-1.0,-1.0,-1.0,-1.0,-1.0
-1.0,-1.0,-1.0,-1.0,-1.0,-1.0
1.0,-1.0,-1.0,-1.0,0.7777777777777778,-1.0
-0.9911894273127754,-1.0,-1.0,-1.0,-1.0,-1.0
0.9956709956709957,-1.0,-1.0,-1.0,-1.0,-1.0
-1.0,-1.0,-1.0,-1.0,-1.0,-1.0
1.0,-1.0,-1.0,-1.0,-1.0,-1.0
0.9956521739130435,-1.0,-1.0,-1.0,-1.0,-1.0
-0.9911111111111112,-1.0,-1.0,-1.0,-1.0,-1.0
-0.9557522123893806,-1.0,-1.0,-1.0,-1.0,-1.0
-1.0,-1.0,-1.0,-1.0,-1.0,-1.0
-1.0,-1.0,-1.0,-1.0,-1.0,-1.0
-1.0,-1.0,-1.0,-1.0,-1.0,-1.0
-0.9956331877729258,-1.0,-1.0,-1.0,-1.0,-1.0
0.9826086956521739,-1.0,-1.0,-1.0,-0.9,-1.0
-1.0,-1.0,-1.0,-1.0,-1.0,-1.0
0.9912663755458515,-1.0,-1.0,-1.0,1.0,-1.0
-1.0,-1.0,-1.0,-1.0,-0.09090909090909091,-1.0
0.9913419913419913,-1.0,-1.0,-1.0,-0.9090909090909091,1.0
0.991304347826087,0.9083969465648855,0.9583333333333334,-1.0,-0.9090909090909091,-1.0
1.0,-1.0,-1.0,-1.0,0.0,-1.0
1.0,-0.984375,1.0,-1.0,-0.9,0.0
1.0,-1.0,-1.0,-1.0,-0.9,-1.0
0.9913419913419913,-1.0,0.9583333333333334,-1.0,-0.9,0.0
0.9565217391304348,-1.0,-1.0,-1.0,-1.0,-1.0
-1.0,-1.0,-1.0,-1.0,-1.0,-1.0
0.9475982532751092,-1.0,-1.0,-1.0,-1.0,-1.0
1.0,-1.0,-1.0,-1.0,0.0,-1.0
-0.9563318777292577,-1.0,-1.0,-1.0,-1.0,-1.0
-1.0,-1.0,-1.0,-1.0,-1.0,-1.0
0.6130434782608696,0.9126984126984127,1.0,-1.0,-1.0,0.0
0.6081081081081081,0.9912280701754386,1.0,-0.9642857142857143,-0.2,0.5
-0.9956521739130435,0.9548872180451128,1.0,1.0,0.2727272727272727,1.0
-0.9956709956709957,1.0,1.0,0.9333333333333333,0.0,1.0
-0.9913793103448276,0.9924812030075187,-1.0,0.9655172413793104,0.0,1.0
-0.9914163090128756,-0.9473684210526315,1.0,0.9285714285714286,1.0,0.0
-0.9914163090128756,1.0,1.0,1.0,-0.8181818181818182,1.0
-0.9823788546255506,1.0,1.0,1.0,-0.2727272727272727,1.0
-0.9912663755458515,0.9453125,1.0,0.7586206896551724,-1.0,1.0
-0.9827586206896551,0.9694656488549618,1.0,0.9285714285714286,-1.0,1.0
-0.991304347826087,-0.896,0.0425531914893617,0.0,-1.0,0.0
-0.9913793103448276,0.9849624060150376,1.0,0.9333333333333333,-0.2727272727272727,1.0
-0.9913793103448276,-0.9772727272727273,-1.0,1.0,1.0,-1.0
-0.987012987012987,0.9924242424242424,1.0,-0.5,-1.0,1.0
-0.9913419913419913,0.9473684210526315,1.0,1.0,0.4,1.0
-0.9912280701754386,-0.9545454545454546,-1.0,0.9666666666666667,0.9090909090909091,-1.0
-0.991304347826087,0.9924812030075187,1.0,1.0,-1.0,1.0
-0.9912663755458515,0.9772727272727273,1.0,0.9666666666666667,-1.0,1.0
-0.9913419913419913,-0.9923076923076923,-1.0,0.9666666666666667,1.0,-1.0
-0.9914163090128756,-0.8992248062015504,1.0,1.0,0.09090909090909091,0.0
-0.9913793103448276,-0.7954545454545454,1.0,1.0,-1.0,0.0
-0.9913793103448276,0.9770992366412213,1.0,1.0,-1.0,1.0
-0.991304347826087,-0.9692307692307692,-1.0,0.0,1.0,0.0
-0.991304347826087,-0.9924242424242424,-1.0,-0.10714285714285714,1.0,-1.0
-0.9914163090128756,-0.9924812030075187,-1.0,0.9642857142857143,1.0,-1.0
-0.9913793103448276,-0.9767441860465116,-1.0,0.9642857142857143,1.0,0.0
-0.9913419913419913,-0.9924242424242424,-1.0,0.6666666666666666,1.0,-1.0
-0.9913419913419913,-0.9924242424242424,-1.0,0.9629629629629629,1.0,0.0
-0.9913793103448276,0.9172932330827067,1.0,-0.5,1.0,1.0
-0.9826086956521739,-0.8384615384615385,1.0,-0.25,-1.0,0.0
-0.9912663755458515,0.9774436090225563,1.0,-0.23076923076923078,-1.0,0.0
-0.9912663755458515,-0.8045112781954887,-0.9791666666666666,-0.23076923076923078,-1.0,-1.0
-0.9912663755458515,0.9626865671641791,-1.0,-0.19230769230769232,-1.0,1.0
-0.9912280701754386,0.9774436090225563,1.0,-0.7692307692307693,-1.0,0.5
-0.982532751091703,-0.9402985074626866,-1.0,0.07407407407407407,1.0,-1.0
-0.9911894273127754,-0.6515151515151515,1.0,0.7037037037037037,-0.16666666666666666,0.0
-0.9912663755458515,0.9772727272727273,0.28888888888888886,1.0,-1.0,0.5
-0.9912663755458515,-0.9694656488549618,0.9545454545454546,1.0,0.2727272727272727,0.0
-0.9912663755458515,-0.9846153846153847,1.0,-1.0,-1.0,0.0
0.6026200873362445,0.9323308270676691,1.0,-0.7692307692307693,-1.0,1.0
1.0,-0.944,0.0,-0.4230769230769231,-0.09090909090909091,0.5
1.0,0.8780487804878049,1.0,1.0,0.18181818181818182,1.0
0.8412698412698413,-0.957983193277311,-0.9302325581395349,-0.7692307692307693,-0.8888888888888888,0.0
1.0,0.8383838383838383,0.6976744186046512,0.6923076923076923,-1.0,1.0
1.0,-0.8,1.0,-0.6818181818181818,-1.0,-1.0
1.0,1.0,1.0,1.0,0.875,1.0
1.0,0.992,1.0,1.0,0.8888888888888888,1.0
1.0,0.9919354838709677,1.0,1.0,0.875,1.0
1.0,1.0,1.0,1.0,0.875,1.0
1.0,1.0,1.0,1.0,0.8888888888888888,1.0
1.0,0.968503937007874,1.0,1.0,-0.4444444444444444,1.0
1.0,0.9016393442622951,1.0,1.0,0.2727272727272727,1.0
1.0,0.8943089430894309,1.0,1.0,0.0,1.0
0.9955357142857143,0.9016393442622951,1.0,0.9642857142857143,0.18181818181818182,1.0
0.9956140350877193,0.9083333333333333,1.0,0.9629629629629629,0.09090909090909091,1.0
0.9956140350877193,0.907563025210084,1.0,0.9629629629629629,0.0,1.0
0.9912280701754386,0.7520661157024794,0.6808510638297872,0.5384615384615384,-1.0,1.0
-0.9911504424778761,1.0,1.0,1.0,-0.1111111111111111,1.0
1.0,-0.92,-0.9565217391304348,-0.9310344827586207,-1.0,-1.0
-0.9910313901345291,0.9453125,1.0,0.9629629629629629,-0.1,1.0
1.0,-0.984375,-1.0,-0.9259259259259259,-1.0,-1.0
-0.9863636363636363,-0.9338842975206612,-0.9534883720930233,-0.92,1.0,-1.0
0.9908256880733946,0.975609756097561,1.0,0.8333333333333334,1.0,1.0
-1.0,0.992,-1.0,0.88,0.8,1.0
-0.9734513274336283,1.0,1.0,1.0,0.9,1.0
-0.9820627802690582,0.9921259842519685,-1.0,1.0,-0.8888888888888888,1.0
0.9646017699115044,-0.9838709677419355,1.0,1.0,0.9,-1.0
1.0,1.0,1.0,1.0,0.0,1.0
-1.0,-0.9516129032258065,1.0,1.0,-0.1111111111111111,-1.0
-1.0,-0.983739837398374,1.0,1.0,-1.0,-1.0
-1.0,-0.9754098360655737,1.0,1.0,0.8,-1.0
-1.0,0.8709677419354839,1.0,1.0,1.0,1.0
-1.0,1.0,1.0,1.0,0.0,1.0
-0.9910714285714286,-0.9669421487603306,1.0,1.0,-1.0,-1.0
-0.9911111111111112,0.9669421487603306,-1.0,-0.6296296296296297,0.0,1.0
-1.0,-0.9672131147540983,1.0,1.0,-1.0,-1.0
0.9728506787330317,-0.9834710743801653,1.0,1.0,0.0,-1.0
-1.0,0.968,-1.0,1.0,0.9,1.0
-0.9691629955947136,1.0,1.0,1.0,0.0,1.0
-1.0,0.9838709677419355,-1.0,1.0,0.0,1.0
0.9324324324324325,0.9672131147540983,1.0,1.0,1.0,1.0
-0.9819819819819819,0.976,-1.0,1.0,-1.0,1.0
-1.0,0.0,1.0,0.9259259259259259,1.0,0.0
-1.0,0.967479674796748,-1.0,1.0,-1.0,1.0
-0.9910714285714286,1.0,1.0,1.0,-1.0,1.0
0.9777777777777777,1.0,1.0,1.0,-1.0,1.0
-0.9728506787330317,1.0,1.0,1.0,-1.0,1.0
0.9727272727272728,1.0,1.0,1.0,1.0,1.0
0.9955555555555555,1.0,1.0,0.68,-0.4,1.0
0.9955357142857143,0.9915966386554622,1.0,1.0,0.0,1.0
1.0,1.0,1.0,1.0,0.9,1.0
1.0,1.0,1.0,1.0,0.8888888888888888,1.0
0.9821428571428571,-0.9516129032258065,0.0,-0.7857142857142857,-0.7777777777777778,-1.0
0.9953051643192489,-0.95,-1.0,-0.9230769230769231,0.6666666666666666,-1.0
-0.9444444444444444,-0.983739837398374,-1.0,-1.0,-0.9,-1.0
0.9009009009009009,-1.0,-1.0,-0.9285714285714286,0.0,-1.0
-0.9818181818181818,-1.0,-1.0,-0.9259259259259259,0.0,-1.0
0.9909502262443439,-1.0,0.9111111111111111,-0.9285714285714286,-1.0,-1.0
-1.0,-1.0,-1.0,-1.0,-1.0,-1.0
0.972972972972973,-1.0,-1.0,-1.0,0.0,-1.0
-0.9638009049773756,-1.0,-0.9545454545454546,-1.0,-1.0,-1.0
-0.9909502262443439,-1.0,-1.0,-1.0,-1.0,-1.0
-0.990990990990991,-1.0,-1.0,-1.0,-1.0,-1.0
-0.995475113122172,-1.0,-1.0,-0.9230769230769231,0.0,-1.0
-1.0,-1.0,-1.0,-0.9166666666666666,-1.0,-1.0
-0.9909502262443439,-1.0,-1.0,-1.0,0.0,-1.0
-1.0,-0.9838709677419355,-1.0,-1.0,-1.0,-1.0
1.0,-1.0,0.8636363636363636,-1.0,-1.0,-1.0
-0.9909502262443439,-1.0,-0.9545454545454546,-1.0,-1.0,-1.0
0.9818181818181818,-1.0,1.0,-1.0,-1.0,-1.0
0.9820627802690582,-1.0,-1.0,-1.0,0.0,-1.0
-0.9910313901345291,-1.0,-1.0,-1.0,-1.0,-1.0
-0.990909090909091,-1.0,-1.0,-1.0,-0.7777777777777778,-1.0
-0.9864864864864865,-1.0,-1.0,-1.0,-0.875,-1.0
0.9865470852017937,-1.0,-1.0,-1.0,0.2,-1.0
-1.0,-0.9830508474576272,-1.0,-1.0,-1.0,-1.0
0.9551569506726457,-1.0,-1.0,-1.0,-1.0,-1.0
-0.9821428571428571,-0.992,-1.0,-1.0,-1.0,-1.0
-1.0,-0.9834710743801653,-1.0,-1.0,-1.0,-1.0
1.0,-1.0,-1.0,-1.0,-1.0,-1.0
0.990990990990991,-1.0,-1.0,-1.0,-0.875,-1.0
0.9818181818181818,-1.0,-1.0,-1.0,0.0,-1.0
1.0,-0.9916666666666667,-1.0,-1.0,-1.0,-1.0
-0.9812206572769953,-0.9916666666666667,-1.0,-1.0,-0.1,-1.0
0.9461883408071748,-1.0,-1.0,-1.0,-0.8888888888888888,-1.0
0.9818181818181818,-1.0,-1.0,-1.0,0.0,-1.0
0.9642857142857143,-1.0,-1.0,-1.0,-1.0,-1.0
-0.9909502262443439,-1.0,-1.0,-1.0,1.0,-1.0
-0.9909502262443439,-1.0,-1.0,-1.0,-1.0,-1.0
0.990990990990991,-1.0,-1.0,-1.0,-1.0,-1.0
-0.9819819819819819,-1.0,-1.0,-1.0,-1.0,-1.0
-0.9909502262443439,-1.0,-1.0,-1.0,-1.0,-1.0
-0.9771689497716894,-1.0,-1.0,-1.0,-1.0,-1.0
-1.0,-1.0,0.8181818181818182,-1.0,-1.0,-1.0
0.9954545454545455,0.75,1.0,0.8461538461538461,1.0,-1.0
1.0,-0.9618320610687023,-1.0,0.0,1.0,0.0
-1.0,0.7704918032786885,1.0,-0.5862068965517241,-1.0,0.0
-0.9827586206896551,1.0,1.0,0.9333333333333333,0.9,1.0
-1.0,1.0,1.0,1.0,1.0,1.0
-1.0,0.9847328244274809,0.9782608695652174,0.8,1.0,1.0
-1.0,0.9694656488549618,0.045454545454545456,0.9333333333333333,1.0,1.0
0.9914163090128756,0.967741935483871,1.0,1.0,1.0,1.0
-0.9913793103448276,0.9847328244274809,1.0,1.0,0.8,1.0
1.0,-0.9692307692307692,-1.0,-1.0,-0.8,0
-0.9956331877729258,-0.937984496124031,1.0,-1.0,-1.0,-1.0
-0.9913793103448276,0.984375,1.0,0.9333333333333333,-1.0,1.0
-1.0,1.0,-0.9574468085106383,1.0,0.8,1.0
1.0,-0.9763779527559056,0.9574468085106383,-1.0,-0.9,0.0
-1.0,1.0,1.0,1.0,0.9,1.0
-1.0,1.0,1.0,1.0,-1.0,1.0
-1.0,1.0,1.0,1.0,0.9,1.0
-1.0,1.0,1.0,1.0,1.0,1.0
-1.0,1.0,1.0,1.0,0.7,-1.0
0.9739130434782609,1.0,1.0,1.0,1.0,1.0
-1.0,1.0,1.0,1.0,-0.7777777777777778,1.0
1.0,1.0,1.0,1.0,0.8,1.0
0.9868995633187773,1.0,1.0,1.0,1.0,1.0
-0.9955947136563876,1.0,-0.9574468085106383,1.0,1.0,1.0
-0.9956331877729258,1.0,1.0,1.0,1.0,1.0
-0.9866071428571429,1.0,-1.0,1.0,1.0,0.0
-0.9866666666666667,1.0,1.0,1.0,1.0,1.0
-0.9955156950672646,1.0,-0.9148936170212766,1.0,1.0,1.0
-0.9955555555555555,1.0,1.0,1.0,1.0,1.0
-0.995575221238938,1.0,1.0,1.0,1.0,1.0
-0.9955357142857143,1.0,1.0,1.0,0.9,1.0
-0.9955555555555555,1.0,1.0,1.0,1.0,1.0
-0.9956140350877193,1.0,-1.0,1.0,1.0,1.0
-0.9956140350877193,1.0,1.0,1.0,1.0,1.0
-1.0,1.0,1.0,1.0,1.0,1.0
-0.9912663755458515,1.0,-1.0,1.0,1.0,1.0
-0.9911504424778761,1.0,-1.0,1.0,1.0,1.0
-1.0,1.0,-1.0,1.0,1.0,1.0
-1.0,1.0,1.0,1.0,1.0,1.0
-1.0,1.0,1.0,1.0,1.0,1.0
0.9567099567099567,1.0,0.9565217391304348,1.0,0.2,1.0
-0.9912663755458515,1.0,1.0,1.0,1.0,1.0
0.9913419913419913,-0.890625,-1.0,1.0,-0.3333333333333333,-1.0
-0.9826086956521739,1.0,1.0,1.0,1.0,1.0
-0.9911504424778761,1.0,-0.9574468085106383,1.0,1.0,1.0
0.9652173913043478,0.9920634920634921,1.0,1.0,-0.1,1.0
1.0,0.046875,1.0,1.0,1.0,1.0
-0.9913793103448276,1.0,1.0,1.0,1.0,1.0
-0.9780701754385965,1.0,1.0,1.0,0.0,1.0
0.9655172413793104,-0.8449612403100775,-0.723404255319149,1.0,-1.0,1.0
1.0,0.984251968503937,1.0,-0.7241379310344828,-1.0,1.0
1.0,0.96875,1.0,-0.7857142857142857,0.0,1.0
0.9739130434782609,0.984375,1.0,-0.9310344827586207,0.1,1.0
0.974025974025974,-0.9069767441860465,-0.9565217391304348,-0.8666666666666667,0.0,1.0
-0.9913793103448276,0.007692307692307693,1.0,0.7241379310344828,-0.625,1.0
1.0,0.007633587786259542,-1.0,-1.0,-0.25,1.0
-0.9827586206896551,0.9847328244274809,-1.0,1.0,0.7,1.0
-1.0,0.9923076923076923,-1.0,1.0,0.9,1.0
0.9692982456140351,1.0,1.0,-0.8666666666666667,0.2222222222222222,1.0
1.0,-0.9230769230769231,-1.0,-0.8666666666666667,-0.1,1.0
0.9870689655172413,0.8828125,-1.0,-0.8666666666666667,0.9,0
-0.9870689655172413,1.0,1.0,1.0,1.0,1.0
-1.0,0.9609375,0.9772727272727273,0.6666666666666666,-0.1,-1.0
-1.0,1.0,1.0,1.0,0.7777777777777778,1.0
-0.9913419913419913,0.9925373134328358,0.7021276595744681,1.0,0.0,1.0
0.9739130434782609,1.0,1.0,-0.8,1.0,1.0
0.9653679653679653,-0.9083969465648855,-1.0,-0.9310344827586207,0.0,1.0
-0.9913793103448276,0.9769230769230769,0.6521739130434783,0.9310344827586207,0.6,1.0
0.9913793103448276,-0.9236641221374046,-1.0,-0.9285714285714286,0.0,1.0
0.991304347826087,0.9774436090225563,-1.0,-1.0,0.0,1.0
0.9913419913419913,-1.0,-1.0,-1.0,-1.0,-1.0
1.0,0.9831932773109243,1.0,1.0,1.0,1.0
1.0,1.0,1.0,1.0,0.75,1.0
1.0,1.0,1.0,1.0,1.0,1.0
1.0,1.0,1.0,1.0,-1.0,1.0
-1.0,0.967741935483871,0.0,0.03571428571428571,0.8888888888888888,1.0
0.9912663755458515,-0.9541984732824428,-1.0,-0.9642857142857143,0.0,1.0
0.9913793103448276,-0.9765625,-0.9555555555555556,-1.0,-0.9,0.0
1.0,-0.84,-1.0,-1.0,-0.7777777777777778,0.0
1.0,-0.984251968503937,-1.0,-1.0,-0.9,-1.0
0.9914163090128756,-0.8582677165354331,-1.0,-0.9655172413793104,-0.5,-1.0
1.0,0.7952755905511811,1.0,1.0,0.8,1.0
0.9782608695652174,-0.9612403100775194,-1.0,-1.0,-0.9090909090909091,1.0
0.9828326180257511,-1.0,-1.0,-1.0,-1.0,-1.0
-0.9739130434782609,-1.0,-1.0,-1.0,-1.0,-1.0
-0.9827586206896551,-1.0,-1.0,-1.0,-1.0,1.0
-0.9827586206896551,-1.0,0.9148936170212766,-1.0,-1.0,-1.0
-1.0,-1.0,-1.0,-1.0,-0.9090909090909091,-1.0
0.9742489270386266,-1.0,-1.0,-1.0,-0.8181818181818182,-1.0
1.0,-0.9538461538461539,-1.0,-1.0,0.5,-1.0
1.0,-1.0,-1.0,-1.0,0.0,-1.0
-0.9826086956521739,-1.0,-1.0,-1.0,-0.09090909090909091,-1.0
-1.0,-1.0,-1.0,-1.0,0.09090909090909091,-1.0
-0.9912280701754386,-1.0,-1.0,-1.0,-0.09090909090909091,-1.0
1.0,-1.0,-1.0,-1.0,-0.09090909090909091,-1.0
1.0,-1.0,-1.0,-1.0,-0.09090909090909091,-1.0
1.0,-1.0,-1.0,-1.0,-0.09090909090909091,-1.0
0.9913419913419913,-0.9923664122137404,1.0,-1.0,-0.6363636363636364,-1.0
0.9914163090128756,-1.0,-1.0,-1.0,-0.5555555555555556,-1.0
-0.9695652173913043,-1.0,-1.0,-1.0,-0.7,-1.0
-1.0,-1.0,-1.0,-1.0,-1.0,0
0.991304347826087,-1.0,-1.0,-1.0,0.09090909090909091,0
0.9913793103448276,-1.0,-0.9791666666666666,-1.0,0.9,0
0.9913793103448276,-1.0,-1.0,-1.0,-0.8,0
-0.9914163090128756,-1.0,-1.0,-1.0,-1.0,0
-0.9914163090128756,-1.0,-1.0,-1.0,-1.0,0
-0.9870689655172413,0.9923076923076923,1.0,-0.10344827586206896,-1.0,0
0.9688888888888889,-1.0,-1.0,-0.9310344827586207,0.8181818181818182,0
-0.9956521739130435,-0.9848484848484849,-1.0,0.9285714285714286,0.09090909090909091,0
0.9613733905579399,-0.9844961240310077,-1.0,-1.0,0.7272727272727273,0
-0.9396551724137931,0.9847328244274809,1.0,-0.06896551724137931,0.0,0
-0.9741379310344828,-0.9844961240310077,-1.0,0.9310344827586207,0.09090909090909091,0
0.9871244635193133,-1.0,-1.0,-0.9655172413793104,-1.0,0
-0.9912663755458515,0.9612403100775194,-0.9591836734693877,-0.034482758620689655,0.09090909090909091,0
-0.45739910313901344,-0.9689922480620154,-1.0,1.0,1.0,0
-0.9956709956709957,1.0,1.0,-0.06896551724137931,-1.0,0
0.922077922077922,-0.9846153846153847,-1.0,-0.9310344827586207,-0.2222222222222222,0
-0.9956709956709957,0.937984496124031,1.0,-0.07142857142857142,-1.0,0
-0.9826839826839827,-1.0,-1.0,0.9310344827586207,-0.7777777777777778,0
0.9956709956709957,-1.0,-1.0,-1.0,-0.8181818181818182,0
-0.9213973799126638,0.952755905511811,1.0,-0.03571428571428571,-0.8181818181818182,0
-0.991304347826087,-1.0,-1.0,0.9285714285714286,-0.8,0
0.9691629955947136,-1.0,-1.0,-1.0,-1.0,0
-0.9821428571428571,0.9923076923076923,-1.0,-0.034482758620689655,-0.6,0
-0.38461538461538464,-0.9534883720930233,-1.0,1.0,1.0,0
-0.9956709956709957,0.9923076923076923,0.9574468085106383,-0.06896551724137931,-1.0,0
-0.9826839826839827,-1.0,-1.0,0.9285714285714286,-0.7777777777777778,0
0.9870689655172413,-1.0,-1.0,-0.9642857142857143,-0.8,0
-0.9911504424778761,0.9922480620155039,1.0,0.07142857142857142,-1.0,0
-0.9911111111111112,-1.0,-1.0,0.9285714285714286,-0.6363636363636364,0
-0.9162995594713657,1.0,1.0,-0.03571428571428571,-0.8,0
-0.9868421052631579,-1.0,-1.0,0.9310344827586207,-0.6363636363636364,0
0.960352422907489,-1.0,-1.0,-1.0,-1.0,0
-0.995475113122172,0.9767441860465116,-0.9583333333333334,-0.03571428571428571,-0.6,0
-0.3615023474178404,-0.8372093023255814,-1.0,1.0,1.0,0
-0.9956521739130435,0.9921875,0.9591836734693877,0.10714285714285714,-1.0,0
-0.9911894273127754,-1.0,-1.0,0.9285714285714286,-0.7142857142857143,0
-0.9298245614035088,0.9847328244274809,1.0,0.0,-0.8181818181818182,0
-0.9868995633187773,-0.9844961240310077,-1.0,0.9285714285714286,-0.6363636363636364,0
0.9696969696969697,-1.0,-1.0,-1.0,-0.9090909090909091,0
-0.9741379310344828,0.9692307692307692,1.0,1.0,0.8888888888888888,0
-1.0,0.9692307692307692,1.0,0.8620689655172413,0.9,0
-1.0,1.0,1.0,0.8928571428571429,1.0,0
-1.0,1.0,1.0,0.9310344827586207,1.0,0
-0.9824561403508771,0.984375,0.9591836734693877,0.9259259259259259,1.0,1.0
-0.9956521739130435,1.0,0.9591836734693877,1.0,1.0,1.0
-0.9956521739130435,0.023076923076923078,1.0,1.0,0.9090909090909091,1.0
0.9741379310344828,0.9847328244274809,-1.0,1.0,-0.6,1.0
0.9913793103448276,0.007692307692307693,-1.0,0.0,-0.1,-1.0
-1.0,0.9922480620155039,0.9583333333333334,1.0,-0.3,1.0
-1.0,1.0,1.0,0.9629629629629629,-0.7,1.0
-1.0,1.0,1.0,0.9642857142857143,-0.8181818181818182,1.0
1.0,-0.9923664122137404,-1.0,-0.9285714285714286,0.09090909090909091,-1.0
-0.9826839826839827,0.9846153846153847,0.9591836734693877,0.9285714285714286,0.9090909090909091,-1.0
-1.0,-0.9538461538461539,-1.0,-1.0,-1.0,-1.0
-0.991304347826087,-0.9923664122137404,-1.0,-1.0,-1.0,-1.0
-1.0,-1.0,-1.0,-0.9259259259259259,-1.0,-1.0
-1.0,-1.0,-1.0,-1.0,0.8181818181818182,-1.0
-1.0,-1.0,-1.0,-1.0,0.9090909090909091,-1.0
-1.0,-0.984375,-1.0,-1.0,-1.0,-1.0
-1.0,-1.0,-1.0,-1.0,-1.0,-1.0
-1.0,-1.0,-1.0,-1.0,-1.0,-1.0
-1.0,-0.9846153846153847,-1.0,-1.0,0.0,-1.0
0.9213973799126638,-1.0,-0.875,-1.0,-0.7272727272727273,-1.0
-0.9914163090128756,-1.0,-1.0,-1.0,-0.9090909090909091,-1.0
-1.0,-1.0,-1.0,-1.0,-1.0,-1.0
-0.8571428571428571,-1.0,-1.0,-1.0,-0.9090909090909091,-1.0
0.9739130434782609,-1.0,-1.0,-1.0,-0.9090909090909091,-1.0
-0.9739130434782609,-1.0,-0.9583333333333334,-1.0,-0.9090909090909091,-1.0
-1.0,-1.0,-1.0,-1.0,-0.9090909090909091,-1.0
0.9913419913419913,-1.0,-0.9583333333333334,-1.0,0.0,-1.0
-1.0,-0.9924812030075187,-1.0,-1.0,-0.9090909090909091,-1.0
0.9827586206896551,-1.0,-1.0,-1.0,-0.9,-1.0
0.991304347826087,-1.0,-0.9795918367346939,-1.0,0.9090909090909091,-1.0
0.9913419913419913,-1.0,-1.0,-0.9642857142857143,-0.9090909090909091,-1.0
0.9827586206896551,-1.0,-1.0,-1.0,0.0,-1.0
-0.9826086956521739,-1.0,-1.0,-1.0,-0.9090909090909091,-1.0
-1.0,-1.0,-0.7551020408163265,-1.0,-0.9090909090909091,-1.0
0.9769585253456221,-0.9834710743801653,-1.0,-0.8888888888888888,-1.0,-1.0
0.9955555555555555,-0.9919354838709677,-1.0,-1.0,-1.0,-1.0
-0.9913419913419913,1.0,1.0,1.0,0.3333333333333333,1.0
-0.9778761061946902,-0.9770992366412213,-1.0,-0.9285714285714286,0.0,-1.0
-0.9912663755458515,-0.96875,-1.0,-1.0,-0.875,-1.0
0.9827586206896551,-1.0,-1.0,-1.0,1.0,-1.0
1.0,-0.9770992366412213,-1.0,-1.0,-1.0,-1.0
1.0,-1.0,-1.0,-1.0,-1.0,-1.0
0.9914163090128756,-0.8549618320610687,-1.0,-0.9285714285714286,0.8,-1.0
-0.9656652360515021,0.9696969696969697,0.9591836734693877,0.9259259259259259,0.0,1.0
-0.9742489270386266,1.0,1.0,1.0,0.0,1.0
-0.9656652360515021,1.0,1.0,0.9615384615384616,0.0,1.0
0.9829059829059829,0.9924812030075187,1.0,0.9655172413793104,0.0,1.0
-1.0,-0.9230769230769231,-1.0,0.5357142857142857,0.6,-1.0
0.9826839826839827,0.9696969696969697,0.8541666666666666,0.9642857142857143,0.9,1.0
1.0,1.0,0.7916666666666666,1.0,0.8,1.0
-0.9313304721030042,1.0,1.0,0.8846153846153846,1.0,1.0
1.0,-1.0,-1.0,-0.3333333333333333,-1.0,-1.0
0.9699570815450643,-0.9923664122137404,-1.0,-0.8275862068965517,-1.0,1.0
0.9913419913419913,-1.0,-1.0,-0.8214285714285714,-1.0,-1.0
0.9482758620689655,-1.0,-1.0,-0.8214285714285714,-1.0,-1.0
-0.9658119658119658,-1.0,-1.0,-0.9310344827586207,-0.09090909090909091,-1.0
0.9914529914529915,-1.0,-1.0,-1.0,0.0,-1.0
1.0,-1.0,-1.0,-1.0,0.1111111111111111,-1.0
1.0,-1.0,-1.0,-1.0,1.0,-1.0
0.9957446808510638,-1.0,-1.0,-1.0,1.0,-1.0
1.0,-1.0,-1.0,-1.0,-1.0,-1.0
1.0,-1.0,-1.0,-1.0,-1.0,-1.0
1.0,-1.0,-1.0,-1.0,-1.0,-1.0
0.9914529914529915,-1.0,-1.0,-1.0,-1.0,-1.0
1.0,-1.0,-1.0,-1.0,-0.9090909090909091,-1.0
1.0,-1.0,-1.0,-1.0,-0.8888888888888888,-1.0
1.0,-1.0,-1.0,-1.0,-0.9,-1.0
1.0,-1.0,-1.0,-1.0,-0.4,-1.0
1.0,-1.0,-1.0,-1.0,1.0,-1.0
1.0,-0.9848484848484849,-1.0,-1.0,-0.9090909090909091,-1.0
1.0,-1.0,-1.0,-1.0,0.0,-1.0
1.0,-1.0,-1.0,-1.0,-1.0,-1.0
1.0,-1.0,0.8163265306122449,-1.0,-1.0,-1.0
1.0,-1.0,-1.0,-1.0,0.0,-1.0
1.0,-1.0,-1.0,-1.0,-1.0,-1.0
1.0,-1.0,-1.0,-1.0,-1.0,-1.0
1.0,-1.0,-1.0,-1.0,1.0,-1.0
0.991304347826087,-1.0,-1.0,-1.0,-1.0,-1.0
1.0,-1.0,-1.0,-1.0,-1.0,-1.0
1.0,-1.0,-0.9591836734693877,-0.9629629629629629,-0.8181818181818182,-1.0
-0.9828326180257511,0.8787878787878788,1.0,-0.034482758620689655,0.0,-1.0
-0.9829787234042553,0.9545454545454546,1.0,-0.06896551724137931,0.1,1.0
-0.9914163090128756,0.9694656488549618,0.9583333333333334,0.6296296296296297,-0.9090909090909091,1.0
-1.0,0.9848484848484849,1.0,1.0,-0.7272727272727273,1.0
-1.0,0.9538461538461539,1.0,1.0,-0.8181818181818182,1.0
-0.982532751091703,0.9841269841269841,0.9583333333333334,1.0,0.6363636363636364,0.0
-1.0,0.9849624060150376,0.9574468085106383,1.0,-0.18181818181818182,1.0
-1.0,0.9847328244274809,-0.9574468085106383,1.0,0.9090909090909091,1.0
-1.0,0.9848484848484849,-1.0,1.0,1.0,1.0
-0.9912663755458515,0.9844961240310077,1.0,1.0,0.0,1.0
-1.0,0.9770992366412213,1.0,0.0,0.0,1.0
-1.0,0.9453125,1.0,0.8620689655172413,-0.6363636363636364,1.0
-1.0,0.9846153846153847,1.0,1.0,0.36363636363636365,1.0
-1.0,0.9847328244274809,1.0,0.9259259259259259,0.0,1.0
-1.0,0.9847328244274809,1.0,1.0,1.0,1.0
-1.0,0.9847328244274809,-0.9591836734693877,-0.5555555555555556,1.0,1.0
-1.0,0.9846153846153847,1.0,0.8928571428571429,0.0,1.0
-1.0,0.9846153846153847,1.0,1.0,0.9090909090909091,1.0
-1.0,0.9844961240310077,1.0,1.0,0.0,1.0
-0.9956709956709957,0.9844961240310077,1.0,1.0,-1.0,1.0
-1.0,0.9461538461538461,1.0,1.0,-1.0,1.0
-1.0,0.9844961240310077,1.0,1.0,-1.0,1.0
-0.991304347826087,0.9848484848484849,1.0,1.0,-0.8888888888888888,1.0
-1.0,0.9767441860465116,1.0,1.0,0.8,1.0
-1.0,-0.7272727272727273,1.0,1.0,1.0,1.0
-1.0,0.16129032258064516,-0.6666666666666666,0.45454545454545453,1.0,1.0
-1.0,0.9847328244274809,1.0,0.9642857142857143,1.0,1.0
-1.0,0.984375,1.0,1.0,1.0,1.0
-1.0,0.9846153846153847,1.0,1.0,1.0,1.0
-1.0,0.9847328244274809,1.0,1.0,-1.0,1.0
-1.0,0.9694656488549618,-0.9183673469387755,1.0,0.6,1.0
0.9487179487179487,0.9389312977099237,1.0,0.7037037037037037,-0.6,1.0
1.0,0.9354838709677419,1.0,0.9259259259259259,0.45454545454545453,1.0
-1.0,0.9846153846153847,1.0,1.0,1.0,1.0
-1.0,1.0,1.0,0.06896551724137931,0.0,1.0
-0.9912280701754386,0.9545454545454546,0.851063829787234,0.9655172413793104,1.0,0.0
-0.9871244635193133,-0.917910447761194,1.0,1.0,0.0,-1.0
1.0,0.9849624060150376,1.0,1.0,0.8,1.0
0.9741379310344828,0.9925373134328358,0.0,1.0,1.0,1.0
1.0,1.0,0.0,1.0,-1.0,1.0
0.9914163090128756,0.9848484848484849,0.0,1.0,1.0,1.0
1.0,0.9849624060150376,1.0,1.0,-1.0,1.0
0.9484978540772532,-0.9172932330827067,1.0,-0.9310344827586207,-0.8888888888888888,-1.0
1.0,1.0,1.0,0.10714285714285714,0.4,1.0
-0.9743589743589743,0.9849624060150376,1.0,1.0,0.0,1.0
-1.0,0.007575757575757576,1.0,0.0,-1.0,0.0
-0.9914163090128756,1.0,1.0,1.0,-1.0,1.0
-1.0,0.029850746268656716,1.0,1.0,-0.2,0.0
-1.0,1.0,0.0,0.9666666666666667,-1.0,1.0
-1.0,1.0,1.0,0.9642857142857143,-1.0,1.0
-0.9829787234042553,1.0,1.0,0.06896551724137931,-1.0,1.0
-1.0,1.0,0.0,1.0,-1.0,1.0
-1.0,0.9776119402985075,0.0,1.0,-1.0,1.0
1.0,-0.9541984732824428,-0.9795918367346939,0.9310344827586207,-0.9,0.0
1.0,-1.0,-1.0,-1.0,-0.6,-1.0
-1.0,1.0,-0.02040816326530612,1.0,0.0,1.0
-1.0,0.9850746268656716,1.0,1.0,0.0,1.0
-1.0,1.0,1.0,1.0,0.3,1.0
-1.0,1.0,1.0,1.0,0.5,1.0
-1.0,1.0,1.0,1.0,0.6,1.0
1.0,0.9699248120300752,0.9387755102040817,1.0,0.1111111111111111,1.0
-1.0,-0.9850746268656716,1.0,1.0,-0.5555555555555556,-1.0
1.0,0.9849624060150376,1.0,0.0,0.1111111111111111,1.0
-0.9401709401709402,0.9699248120300752,1.0,1.0,1.0,1.0
1.0,1.0,1.0,0.9310344827586207,0.0,1.0
-1.0,1.0,1.0,1.0,1.0,1.0
-1.0,0.9849624060150376,1.0,1.0,1.0,1.0
-0.9914529914529915,0.9925373134328358,1.0,1.0,1.0,1.0
-1.0,1.0,0.8571428571428571,1.0,0.9,1.0
1.0,1.0,1.0,1.0,-1.0,1.0
-1.0,0.9924242424242424,1.0,1.0,0.9090909090909091,1.0
-1.0,1.0,0.9583333333333334,1.0,0.8181818181818182,1.0
0.9914163090128756,0.9924812030075187,1.0,0.23333333333333334,-0.9090909090909091,1.0
-1.0,1.0,1.0,1.0,1.0,1.0
-1.0,0.9694656488549618,0.8125,0.9666666666666667,1.0,-1.0
-0.9956140350877193,-1.0,-1.0,-0.7241379310344828,0.7272727272727273,1.0
0.7931034482758621,-1.0,-1.0,-1.0,0.0,-1.0
-1.0,-1.0,-1.0,-0.9285714285714286,-1.0,-1.0
-1.0,-0.9848484848484849,-1.0,-1.0,-0.6363636363636364,-1.0
-1.0,-1.0,-1.0,-1.0,-1.0,-1.0
0.9913419913419913,-1.0,-1.0,-1.0,-1.0,-1.0
1.0,-0.9848484848484849,-1.0,-1.0,0.7272727272727273,-1.0
-0.9914163090128756,-1.0,-1.0,-1.0,-1.0,-1.0
-1.0,-1.0,-1.0,-1.0,-1.0,-1.0
-0.9826086956521739,-1.0,-1.0,-1.0,-1.0,-1.0
-1.0,-1.0,-1.0,-1.0,-1.0,-1.0
1.0,-1.0,-1.0,-1.0,-0.9090909090909091,-1.0
0.9914529914529915,-1.0,-1.0,-1.0,-1.0,-1.0
1.0,-1.0,-1.0,-1.0,-1.0,-1.0
0.9957264957264957,-1.0,-1.0,-1.0,0.1,-1.0
1.0,-1.0,-1.0,-1.0,-0.8,-1.0
1.0,-1.0,-1.0,-1.0,-1.0,-1.0
1.0,-1.0,-1.0,-0.9666666666666667,-0.875,-1.0
-1.0,-1.0,-1.0,-1.0,-1.0,-1.0
-0.9827586206896551,-1.0,-1.0,-1.0,-1.0,-1.0
0.9574468085106383,-1.0,-1.0,-1.0,-1.0,-1.0
-0.9914529914529915,-1.0,-1.0,-1.0,-1.0,-1.0
0.9914163090128756,-1.0,-1.0,-1.0,-1.0,-1.0
1.0,-1.0,-1.0,-1.0,-0.9090909090909091,-1.0
-0.9914163090128756,-1.0,-1.0,-1.0,-1.0,-1.0
-1.0,-1.0,-1.0,-1.0,-1.0,-1.0
-1.0,-1.0,0.0,-1.0,-1.0,-1.0
-0.9914163090128756,0.9924242424242424,1.0,1.0,1.0,1.0
1.0,-0.9850746268656716,-1.0,-1.0,-0.6666666666666666,-1.0
1.0,-1.0,-0.9795918367346939,-1.0,-1.0,0.0
1.0,-0.9844961240310077,-1.0,-0.9629629629629629,-0.5,-1.0
1.0,0.976,-1.0,0.0,-0.1111111111111111,1.0
-0.9828326180257511,1.0,1.0,1.0,0.8888888888888888,-1.0
-1.0,1.0,0.0,1.0,1.0,-1.0
-1.0,0.9848484848484849,1.0,1.0,1.0,1.0
-1.0,0.9923664122137404,-1.0,1.0,1.0,1.0
-1.0,0.038461538461538464,-1.0,1.0,1.0,1.0
-1.0,0.007633587786259542,1.0,-1.0,0.875,0.0
-1.0,0.9922480620155039,-1.0,1.0,1.0,1.0
-1.0,0.007633587786259542,1.0,1.0,0.9,0.0
-1.0,1.0,1.0,1.0,-1.0,1.0
-1.0,1.0,1.0,1.0,-1.0,1.0
-0.9914163090128756,1.0,0.0,-0.8571428571428571,1.0,1.0
-1.0,0.9923664122137404,1.0,0.9259259259259259,0.75,1.0
-1.0,1.0,1.0,1.0,0.25,1.0
-1.0,0.9846153846153847,-1.0,1.0,1.0,1.0
-1.0,0.9922480620155039,-0.020833333333333332,1.0,1.0,1.0
-1.0,0.03816793893129771,0.0,1.0,1.0,1.0
-1.0,0.007692307692307693,-0.9591836734693877,-0.8620689655172413,1.0,0.0
-1.0,0.9618320610687023,1.0,1.0,1.0,1.0
-1.0,1.0,1.0,1.0,1.0,1.0
-1.0,-0.9846153846153847,1.0,1.0,1.0,-1.0
-1.0,0.9767441860465116,-0.9583333333333334,1.0,1.0,1.0
-1.0,0.9847328244274809,-1.0,1.0,-1.0,1.0
-1.0,1.0,1.0,1.0,-0.8888888888888888,1.0
-1.0,-0.96875,-1.0,-0.7857142857142857,1.0,-1.0
-1.0,1.0,1.0,0.9230769230769231,-0.1111111111111111,0
-1.0,1.0,1.0,1.0,0.0,1.0
-1.0,-0.015503875968992248,-1.0,-0.9259259259259259,1.0,0.0
-1.0,1.0,1.0,1.0,1.0,1.0
-1.0,1.0,1.0,1.0,1.0,1.0
-1.0,1.0,-0.9591836734693877,1.0,1.0,1.0
-1.0,1.0,1.0,1.0,1.0,1.0
-1.0,0.015151515151515152,-1.0,1.0,1.0,0.0
-1.0,0.007692307692307693,0.0,1.0,1.0,0.0
-1.0,1.0,1.0,1.0,1.0,1.0
-1.0,0.023255813953488372,0.9583333333333334,1.0,1.0,0.0
-1.0,0.0,-1.0,1.0,1.0,0.0
-1.0,0.9846153846153847,-1.0,1.0,-0.7777777777777778,1.0
-1.0,0.0078125,-1.0,-0.7857142857142857,1.0,0.0
-1.0,0.9846153846153847,-1.0,1.0,1.0,1.0
-1.0,0.9923076923076923,1.0,1.0,1.0,1.0
-0.9914893617021276,1.0,1.0,1.0,1.0,1.0
-1.0,0.015267175572519083,-1.0,1.0,1.0,0.0
-1.0,0.08270676691729323,1.0,-0.7142857142857143,-1.0,0.0
-0.9913419913419913,0.9922480620155039,1.0,1.0,1.0,1.0
-1.0,0.015267175572519083,1.0,1.0,-1.0,0.0
-1.0,0.045112781954887216,1.0,1.0,0.9090909090909091,0.0
-0.9912663755458515,0.924812030075188,1.0,0.9259259259259259,0.9,1.0
-1.0,1.0,-0.9591836734693877,1.0,0.0,1.0
-1.0,0.9844961240310077,-1.0,1.0,-0.1,1.0
-1.0,1.0,1.0,1.0,1.0,1.0
-1.0,0.9847328244274809,-1.0,-0.9259259259259259,0.0,1.0
-1.0,1.0,0.0,1.0,1.0,1.0
-1.0,1.0,0.0,1.0,1.0,1.0
-1.0,1.0,-1.0,1.0,1.0,1.0
-1.0,0.9923076923076923,-1.0,1.0,-0.6,1.0
-1.0,0.9922480620155039,-1.0,1.0,1.0,1.0
-1.0,0.9922480620155039,-1.0,1.0,0.1,1.0
-1.0,1.0,1.0,1.0,-0.1,1.0
-1.0,0.046875,0.0,1.0,1.0,1.0
-0.9913793103448276,0.9769230769230769,1.0,1.0,1.0,1.0
-1.0,1.0,1.0,1.0,0.0,1.0
-0.991304347826087,1.0,0.0,0.9259259259259259,1.0,1.0
-1.0,1.0,1.0,1.0,-0.09090909090909091,1.0
-1.0,1.0,1.0,1.0,1.0,1.0
-1.0,0.007575757575757576,-1.0,1.0,1.0,1.0
-1.0,0.03007518796992481,1.0,1.0,-0.7272727272727273,0.0
-1.0,0.015267175572519083,1.0,1.0,1.0,1.0
-1.0,1.0,1.0,1.0,1.0,1.0
-1.0,1.0,0.0,-0.9285714285714286,1.0,1.0
-1.0,0.05303030303030303,1.0,1.0,1.0,0.0
-1.0,0.015151515151515152,0.0,1.0,1.0,1.0
-1.0,0.0,-1.0,1.0,0.8,0.0
-1.0,0.9767441860465116,1.0,1.0,1.0,1.0
-1.0,0.007633587786259542,-1.0,1.0,1.0,1.0
-1.0,0.0,0.0,1.0,1.0,0.0
-1.0,0.023255813953488372,0.0,0.8620689655172413,1.0,0.0
-1.0,0.9923664122137404,0.9591836734693877,1.0,1.0,1.0
-0.9828326180257511,0.984251968503937,-1.0,1.0,-0.3333333333333333,1.0
-0.9957081545064378,0.007692307692307693,0.02127659574468085,1.0,1.0,0.0
-1.0,0.031496062992125984,1.0,1.0,1.0,1.0
-1.0,0.007692307692307693,1.0,1.0,1.0,0.0
-1.0,0.007575757575757576,-1.0,0.9642857142857143,1.0,0.0
-1.0,-0.007751937984496124,0.0,0.9655172413793104,1.0,0.0
-1.0,0.007692307692307693,-0.9791666666666666,1.0,1.0,0.0
-1.0,0.9770992366412213,0.0,1.0,1.0,1.0
-1.0,0.015384615384615385,-1.0,-0.9333333333333333,1.0,0.0
-1.0,0.007751937984496124,-1.0,-1.0,1.0,0.0
-1.0,0.0,-1.0,-0.9310344827586207,0.8181818181818182,0.0
-1.0,0.015384615384615385,1.0,0.8620689655172413,0.9,0.0
-1.0,0.0,-1.0,-0.9310344827586207,1.0,0.0
0.9145299145299145,-0.9923076923076923,-1.0,0.06666666666666667,0.0,1.0
-1.0,-0.9365079365079365,-0.8163265306122449,-0.8888888888888888,0.9,0.0
0.9913419913419913,0.9921875,1.0,0.8888888888888888,-0.9,1.0
-1.0,0.9849624060150376,1.0,0.5925925925925926,-0.4,1.0
0.9659574468085106,1.0,1.0,0.8,-0.3,1.0
0.9826839826839827,1.0,1.0,0.9259259259259259,-0.2727272727272727,1.0
-1.0,0.9769230769230769,1.0,0.42857142857142855,-1.0,1.0
0.9914529914529915,0.9694656488549618,1.0,0.7857142857142857,1.0,1.0
0.9913419913419913,0.9847328244274809,1.0,0.9310344827586207,1.0,1.0
-0.9957081545064378,0.9621212121212122,1.0,0.3448275862068966,-1.0,1.0
-1.0,0.9701492537313433,1.0,0.32142857142857145,-1.0,1.0
1.0,0.9389312977099237,1.0,0.4827586206896552,-0.6,1.0
-1.0,-0.9302325581395349,-1.0,-0.9655172413793104,-1.0,-1.0
0.9914163090128756,-0.9923664122137404,-1.0,-1.0,-1.0,-1.0
-0.9914893617021276,-0.9923664122137404,-1.0,-0.9629629629629629,-1.0,-1.0
1.0,-1.0,-1.0,-1.0,-1.0,-1.0
1.0,-0.9844961240310077,-1.0,-1.0,-0.7777777777777778,-1.0
-1.0,0.9696969696969697,1.0,0.92,1.0,1.0
0.9911504424778761,-0.03816793893129771,1.0,-0.8928571428571429,-1.0,1.0
-1.0,0.9847328244274809,0.9375,0.9666666666666667,1.0,1.0
0.935064935064935,-0.9416666666666667,0.875,-0.2777777777777778,-0.7777777777777778,0
0.9914529914529915,1.0,0.9583333333333334,1.0,0.7272727272727273,1.0
0.9914529914529915,1.0,1.0,1.0,1.0,1.0
-0.9656652360515021,1.0,0.9791666666666666,1.0,0.2,1.0
-0.9914163090128756,0.007575757575757576,-1.0,-0.896551724137931,0.9090909090909091,1.0
-1.0,0.9924812030075187,1.0,1.0,0.1,1.0
-1.0,0.015037593984962405,-1.0,0.16666666666666666,1.0,0.0
-0.9828326180257511,1.0,1.0,0.8,-0.4,1.0
-1.0,1.0,1.0,1.0,0.9090909090909091,1.0
-0.9655172413793104,0.9850746268656716,0.9591836734693877,1.0,0.9090909090909091,1.0
0.9484978540772532,-0.9925373134328358,-1.0,0.0,-0.09090909090909091,0.0
0.9484978540772532,0.9924242424242424,1.0,1.0,0.8181818181818182,1.0
-1.0,0.007518796992481203,-0.9795918367346939,0.03333333333333333,1.0,0.0
-1.0,0.8320610687022901,1.0,0.9666666666666667,0.09090909090909091,1.0
-1.0,1.0,1.0,0.9666666666666667,0.1,1.0
-0.9828326180257511,1.0,1.0,1.0,-0.2,1.0
-0.9914893617021276,1.0,1.0,1.0,0.09090909090909091,1.0
-1.0,0.9924812030075187,1.0,1.0,0.09090909090909091,1.0
-1.0,1.0,0.8775510204081632,1.0,0.2727272727272727,1.0
-0.9914529914529915,0.9849624060150376,0.9791666666666666,1.0,0.5454545454545454,1.0
-1.0,1.0,1.0,1.0,0.09090909090909091,1.0
-1.0,1.0,1.0,1.0,0.7,1.0
-1.0,1.0,-0.10204081632653061,1.0,-0.2727272727272727,1.0
0.9829787234042553,1.0,0.9795918367346939,1.0,-0.45454545454545453,1.0
-0.9914893617021276,1.0,1.0,1.0,0.6363636363636364,1.0
-1.0,1.0,0.9591836734693877,1.0,0.18181818181818182,1.0
-0.9914893617021276,1.0,1.0,1.0,0.09090909090909091,1.0
-1.0,1.0,0.9795918367346939,1.0,0.0,1.0
-0.9957264957264957,1.0,1.0,1.0,-0.09090909090909091,1.0
-1.0,1.0,0.9591836734693877,1.0,0.5454545454545454,1.0
-1.0,1.0,1.0,0.9666666666666667,-0.9090909090909091,1.0
-1.0,1.0,1.0,1.0,0.9090909090909091,1.0
-1.0,1.0,1.0,1.0,0.5,1.0
-0.9914893617021276,1.0,1.0,0.9666666666666667,-0.9090909090909091,1.0
0.9659574468085106,1.0,1.0,1.0,-0.9090909090909091,1.0
-1.0,0.9849624060150376,1.0,1.0,-0.09090909090909091,1.0
-1.0,1.0,1.0,1.0,0.09090909090909091,1.0
-1.0,1.0,1.0,1.0,0.09090909090909091,1.0
0.9829787234042553,-0.9925373134328358,-1.0,-1.0,-0.1,0.0
-0.9914893617021276,0.9701492537313433,1.0,1.0,0.9,1.0
-1.0,-0.946969696969697,-0.9591836734693877,-1.0,1.0,1.0
0.45021645021645024,0.9850746268656716,1.0,1.0,-1.0,1.0
0.9955357142857143,1.0,1.0,1.0,-0.5454545454545454,1.0
-0.9659574468085106,1.0,1.0,1.0,1.0,1.0
0.9829059829059829,1.0,0.0,1.0,0.0,1.0
1.0,1.0,0.0,1.0,1.0,1.0
-1.0,1.0,1.0,1.0,1.0,1.0
-1.0,1.0,1.0,1.0,0.8181818181818182,1.0
-1.0,1.0,1.0,1.0,1.0,1.0
-0.9914893617021276,1.0,1.0,0.9333333333333333,1.0,1.0
-0.9914529914529915,1.0,1.0,1.0,1.0,1.0
0.9914893617021276,1.0,1.0,1.0,1.0,1.0
-1.0,1.0,1.0,1.0,1.0,1.0
1.0,-1.0,-0.9591836734693877,-0.9333333333333333,-1.0,0.0
-1.0,1.0,0.9795918367346939,1.0,0.8181818181818182,1.0
1.0,1.0,1.0,1.0,-0.09090909090909091,1.0
-1.0,0.0,1.0,1.0,0.2727272727272727,0.0
-1.0,1.0,1.0,1.0,-0.9090909090909091,1.0
1.0,1.0,1.0,1.0,-0.36363636363636365,1.0
-1.0,1.0,1.0,1.0,1.0,1.0
0.9743589743589743,0.8731343283582089,0.9795918367346939,-0.6333333333333333,-0.6363636363636364,1.0
1.0,0.9626865671641791,-1.0,-0.6,-1.0,1.0
0.9914529914529915,1.0,1.0,1.0,-1.0,1.0
1.0,-0.9776119402985075,-1.0,1.0,-0.7272727272727273,1.0
1.0,1.0,1.0,1.0,-0.9090909090909091,1.0
1.0,-0.9850746268656716,-1.0,-1.0,0.0,-1.0
1.0,-0.9850746268656716,-0.08163265306122448,-1.0,1.0,0.0
0.9872340425531915,-0.9924812030075187,-0.9387755102040817,-1.0,-0.8,0.0
-0.987012987012987,1.0,0.9591836734693877,1.0,1.0,1.0
-1.0,1.0,0.04081632653061224,-0.034482758620689655,-1.0,1.0
1.0,-1.0,-1.0,-0.8,-1.0,-1.0
1.0,-1.0,-1.0,-0.8620689655172413,-0.8181818181818182,-1.0
-0.9829059829059829,1.0,0.9583333333333334,1.0,-0.2727272727272727,0.0
-1.0,1.0,-1.0,1.0,0.9090909090909091,1.0
1.0,-1.0,-1.0,0.0,-1.0,0.0
-0.9914893617021276,1.0,-1.0,1.0,1.0,1.0
-0.9914893617021276,1.0,1.0,1.0,0.9090909090909091,1.0
-0.9914163090128756,1.0,1.0,-0.9666666666666667,1.0,1.0
-1.0,1.0,1.0,-0.9333333333333333,1.0,1.0
-1.0,1.0,1.0,1.0,1.0,1.0
-1.0,1.0,0.061224489795918366,-0.06666666666666667,-1.0,1.0
-1.0,1.0,1.0,0.0,1.0,1.0
-1.0,1.0,1.0,1.0,1.0,1.0
-1.0,1.0,1.0,1.0,-1.0,1.0
-1.0,1.0,1.0,1.0,0.9,1.0
-0.9914529914529915,1.0,1.0,0.0,0.0,1.0
-1.0,1.0,1.0,1.0,1.0,1.0
-1.0,1.0,1.0,1.0,0.9090909090909091,1.0
-0.9914893617021276,1.0,1.0,1.0,-1.0,1.0
-1.0,0.9924242424242424,0.9183673469387755,1.0,-0.1,1.0
0.9659574468085106,1.0,1.0,0.9666666666666667,-1.0,1.0
-1.0,1.0,1.0,1.0,-1.0,1.0
-1.0,1.0,1.0,0.06666666666666667,1.0,1.0
-1.0,1.0,1.0,0.9666666666666667,-1.0,1.0
-1.0,1.0,1.0,1.0,0.1111111111111111,1.0
1.0,-1.0,-0.061224489795918366,0.0,1.0,0.0
0.9288888888888889,1.0,1.0,1.0,0.8,0.0
0.9913419913419913,-1.0,-1.0,-0.9333333333333333,-1.0,-1.0
-0.9741379310344828,-0.9849624060150376,-0.02040816326530612,-0.9666666666666667,-0.2727272727272727,1.0
1.0,-0.9701492537313433,-0.061224489795918366,-0.9666666666666667,0.0,-1.0
1.0,-0.9774436090225563,-1.0,-0.9655172413793104,0.2,-1.0
1.0,-0.9849624060150376,-1.0,-1.0,-0.8181818181818182,-1.0
0.9655172413793104,-1.0,-1.0,-0.9285714285714286,0.6363636363636364,-1.0
-0.9914163090128756,-0.9850746268656716,-0.9583333333333334,-1.0,-0.9,-1.0
1.0,1.0,1.0,0.9629629629629629,-0.1,1.0
1.0,1.0,1.0,1.0,-0.1,1.0
0.9913793103448276,1.0,1.0,1.0,0.0,1.0
0.9913793103448276,1.0,1.0,1.0,-0.9090909090909091,1.0
0.9570815450643777,-0.9552238805970149,-1.0,-1.0,-0.5454545454545454,-1.0
-0.9826839826839827,0.9848484848484849,0.9787234042553191,1.0,0.7,1.0
-0.9913793103448276,1.0,0.46938775510204084,-0.3333333333333333,-1.0,1.0
-0.9957264957264957,0.9844961240310077,1.0,-0.4666666666666667,-1.0,1.0
-0.9570815450643777,-0.9147286821705426,-1.0,-0.43333333333333335,0.9090909090909091,-1.0
-1.0,0.9846153846153847,1.0,0.4666666666666667,-0.75,1.0
-0.9914529914529915,0.9765625,1.0,0.03571428571428571,-1.0,1.0
-0.5411255411255411,-0.9922480620155039,-1.0,-0.5172413793103449,1.0,-1.0
-0.9743589743589743,0.9923664122137404,1.0,1.0,-1.0,1.0
-1.0,0.9922480620155039,1.0,1.0,-1.0,1.0
0.8931623931623932,1.0,1.0,1.0,0.7272727272727273,1.0
-1.0,0.9849624060150376,1.0,1.0,-1.0,1.0
-1.0,1.0,1.0,1.0,0.45454545454545453,1.0
1.0,1.0,1.0,1.0,0.09090909090909091,1.0
0.9914163090128756,-0.9694656488549618,-1.0,-0.9,-1.0,-1.0
0.9914893617021276,-0.9849624060150376,-1.0,-1.0,-1.0,-1.0
0.9828326180257511,-1.0,-1.0,-1.0,-1.0,1.0
0.9914529914529915,-1.0,-1.0,-1.0,-1.0,1.0
0.9914529914529915,-1.0,-1.0,-1.0,-1.0,1.0
0.9914163090128756,-1.0,-1.0,-1.0,-1.0,1.0
0.9914893617021276,-1.0,-1.0,-1.0,-1.0,1.0
0.9914529914529915,-1.0,-1.0,-1.0,-1.0,1.0
-0.9658119658119658,-1.0,-1.0,-1.0,-1.0,1.0
0.9914529914529915,-1.0,-1.0,-1.0,1.0,1.0
1.0,-1.0,-1.0,-1.0,-1.0,1.0
0.9914163090128756,-1.0,-0.9591836734693877,-1.0,-1.0,1.0
-0.9914163090128756,0.9848484848484849,1.0,1.0,-0.45454545454545453,1.0
-0.9957081545064378,1.0,1.0,1.0,0.45454545454545453,1.0
-1.0,1.0,1.0,1.0,0.9090909090909091,1.0
-0.9914529914529915,1.0,1.0,1.0,0.9090909090909091,1.0
-1.0,1.0,1.0,1.0,0.9090909090909091,1.0
-1.0,1.0,1.0,1.0,0.9,1.0
-0.9913419913419913,1.0,1.0,0.9310344827586207,0.8181818181818182,1.0
1.0,-1.0,-1.0,-1.0,-0.8181818181818182,-1.0
-0.9913419913419913,-1.0,-1.0,-1.0,-0.9090909090909091,1.0
1.0,-1.0,0.0625,-1.0,-0.8,-1.0
0.9739130434782609,-0.8307692307692308,-1.0,-0.9666666666666667,-0.9090909090909091,-1.0
-0.9656652360515021,0.8307692307692308,0.9183673469387755,0.9,0.8181818181818182,-1.0
1.0,-0.9770992366412213,-1.0,-1.0,-1.0,-1.0
1.0,-1.0,-1.0,-1.0,0.0,-1.0
-1.0,-0.9849624060150376,-1.0,-1.0,0.0,-1.0
0.9914163090128756,-1.0,-1.0,-1.0,-1.0,-1.0
1.0,-1.0,-1.0,-0.9666666666666667,-1.0,-1.0
1.0,-1.0,-1.0,-1.0,-1.0,-1.0
-1.0,-1.0,-1.0,-1.0,-1.0,-1.0
-1.0,-1.0,-1.0,-1.0,-1.0,-1.0
-0.961038961038961,1.0,1.0,0.9333333333333333,1.0,1.0
-0.9730941704035875,0.9847328244274809,-0.9574468085106383,1.0,0.75,1.0
-0.9912663755458515,0.9925373134328358,1.0,1.0,1.0,1.0
-1.0,1.0,1.0,1.0,1.0,1.0
-1.0,1.0,-1.0,1.0,1.0,1.0
-1.0,1.0,1.0,1.0,0.9,1.0
-1.0,1.0,1.0,1.0,0.9,1.0
-1.0,1.0,-0.9583333333333334,1.0,1.0,1.0
-1.0,1.0,1.0,1.0,-0.2222222222222222,1.0
-1.0,1.0,0.9591836734693877,1.0,1.0,1.0
-1.0,1.0,-0.9591836734693877,1.0,1.0,1.0
-1.0,1.0,1.0,1.0,1.0,1.0
-1.0,1.0,-1.0,1.0,1.0,1.0
1.0,1.0,0.9591836734693877,1.0,1.0,1.0
-0.9829059829059829,0.9552238805970149,0.9583333333333334,1.0,0.8181818181818182,1.0
0.9656652360515021,-0.9772727272727273,-0.9591836734693877,-0.9310344827586207,-1.0,-1.0
1.0,-0.9925373134328358,-1.0,-1.0,-1.0,0.0
0.9615384615384616,-1.0,-1.0,-1.0,-1.0,-1.0
-1.0,0.9850746268656716,1.0,0.9333333333333333,0.45454545454545453,1.0
-1.0,1.0,1.0,0.9333333333333333,1.0,1.0
0.9743589743589743,-1.0,-1.0,-1.0,-1.0,-1.0
-0.9655172413793104,0.9850746268656716,1.0,0.8666666666666667,1.0,1.0
-0.9743589743589743,1.0,1.0,1.0,1.0,1.0
0.9743589743589743,-1.0,-1.0,0.06666666666666667,1.0,-1.0
-0.9828326180257511,0.9701492537313433,-1.0,1.0,1.0,1.0
0.9743589743589743,-1.0,-1.0,-1.0,-1.0,-1.0
-1.0,1.0,0.9591836734693877,0.0,0.1111111111111111,1.0
-0.9828326180257511,0.9849624060150376,0.02040816326530612,1.0,0.5,1.0
-0.9913419913419913,0.9924812030075187,0.08163265306122448,0.9333333333333333,1.0,1.0
-1.0,0.06153846153846154,0.12244897959183673,0.16666666666666666,1.0,0.0
-1.0,1.0,0.9795918367346939,0.9655172413793104,0.9090909090909091,1.0
-1.0,0.9924242424242424,0.8125,1.0,0.18181818181818182,1.0
0.9829787234042553,-0.9694656488549618,0.9183673469387755,0.9666666666666667,-0.8181818181818182,1.0
-0.9914893617021276,1.0,1.0,1.0,0.09090909090909091,1.0
-1.0,1.0,1.0,1.0,0.0,1.0
-1.0,1.0,0.9591836734693877,1.0,0.45454545454545453,1.0
-1.0,0.0,-0.8163265306122449,0.0,1.0,0.0
-1.0,0.0,0.9387755102040817,0.0,1.0,0.0
0.9914163090128756,-0.9924812030075187,0.9387755102040817,1.0,1.0,1.0
-1.0,1.0,0.9591836734693877,1.0,0.45454545454545453,1.0
-1.0,1.0,1.0,1.0,0.45454545454545453,1.0
-0.9914529914529915,1.0,1.0,1.0,0.2727272727272727,1.0
-1.0,0.9696969696969697,1.0,1.0,0.45454545454545453,1.0
-1.0,0.007462686567164179,0.9795918367346939,0.06666666666666667,0.0,0.0
-0.9914893617021276,0.9849624060150376,1.0,1.0,1.0,1.0
-1.0,0.007518796992481203,0.9795918367346939,0.03333333333333333,1.0,0.0
-1.0,0.9925373134328358,1.0,1.0,0.8181818181818182,1.0
0.9145299145299145,1.0,1.0,1.0,0.8181818181818182,1.0
0.9914893617021276,1.0,1.0,1.0,1.0,1.0
-0.9914893617021276,0.9925373134328358,-0.9795918367346939,1.0,1.0,0.0
-1.0,0.0,-0.02040816326530612,0.0,1.0,0.0
-1.0,0.0,0.0,0.0,1.0,0.0
-1.0,0.9925373134328358,-0.020833333333333332,1.0,0.0,1.0
-0.9829059829059829,0.9699248120300752,0.9583333333333334,1.0,0.09090909090909091,1.0
-0.9743589743589743,0.9925373134328358,-1.0,0.03333333333333333,1.0,1.0
-0.9913793103448276,0.9924812030075187,0.08163265306122448,1.0,0.2727272727272727,1.0
-1.0,0.9924812030075187,1.0,1.0,0.7272727272727273,1.0
-1.0,0.007575757575757576,-1.0,0.03333333333333333,1.0,0.0
-1.0,1.0,0.9795918367346939,1.0,0.7272727272727273,1.0
-1.0,0.9850746268656716,0.9795918367346939,1.0,-0.1,1.0
-1.0,1.0,1.0,1.0,0.5454545454545454,1.0
-1.0,1.0,1.0,1.0,0.3,1.0
-0.9914893617021276,1.0,-0.8958333333333334,1.0,0.8181818181818182,1.0
-0.9914163090128756,0.0,0.9791666666666666,0.0,1.0,1.0
-1.0,-0.007518796992481203,-1.0,0.0,1.0,0.0
-1.0,0.9924812030075187,0.9791666666666666,1.0,0.8181818181818182,1.0
-1.0,1.0,1.0,1.0,0.0,1.0
-1.0,0.0,-1.0,0.0,1.0,1.0
-1.0,0.9924812030075187,1.0,1.0,0.8181818181818182,1.0
-1.0,1.0,1.0,1.0,0.8181818181818182,1.0
-1.0,1.0,1.0,0.9666666666666667,-0.18181818181818182,1.0
-1.0,0.0,-1.0,0.0,1.0,1.0
-1.0,-0.007518796992481203,-1.0,0.0,1.0,0.0
-1.0,0.9925373134328358,-0.9791666666666666,1.0,0.8,1.0
-1.0,0.9849624060150376,-1.0,0.0,1.0,0.0
-1.0,0.9848484848484849,1.0,1.0,-0.8,1.0
-1.0,0.9850746268656716,0.9787234042553191,1.0,1.0,1.0
-1.0,1.0,-1.0,1.0,1.0,1.0
-1.0,1.0,0.0,1.0,1.0,1.0
-1.0,0.9699248120300752,-1.0,0.9655172413793104,1.0,1.0
-1.0,1.0,0.9791666666666666,1.0,1.0,1.0
-1.0,1.0,1.0,1.0,-0.09090909090909091,1.0
0.9826839826839827,0.9849624060150376,1.0,1.0,0.9090909090909091,1.0
0.9914163090128756,-0.9097744360902256,-1.0,-1.0,-0.9090909090909091,-1.0
0.9914163090128756,-0.9701492537313433,0.9787234042553191,-0.03333333333333333,-1.0,1.0
-1.0,0.9701492537313433,-1.0,1.0,1.0,0.0
1.0,-0.9699248120300752,-0.9787234042553191,-0.20689655172413793,-0.09090909090909091,0.0
1.0,-0.9663865546218487,-0.9148936170212766,-0.8928571428571429,-0.9,0
-0.9026548672566371,0.016666666666666666,0.9772727272727273,0.8571428571428571,-0.8,1.0
-0.9295154185022027,0.9838709677419355,-0.07142857142857142,1.0,1.0,1.0
-0.973568281938326,1.0,0.09302325581395349,0.9310344827586207,-1.0,1.0
-1.0,1.0,0.1111111111111111,1.0,-0.8181818181818182,1.0
1.0,0.0546875,0.9166666666666666,1.0,-1.0,0.0
1.0,0.007874015748031496,0.0425531914893617,1.0,0.0,0.0
0.9914163090128756,0.984251968503937,-0.10638297872340426,1.0,0.0,1.0
-1.0,0.9922480620155039,0.125,1.0,0.7,1.0
-1.0,1.0,0.125,1.0,0.0,1.0
-1.0,0.030534351145038167,1.0,1.0,1.0,0.0
0.9914893617021276,0.038461538461538464,1.0,1.0,-1.0,0.0
-0.9914529914529915,1.0,0.16666666666666666,1.0,-0.9,1.0
0.9914529914529915,0.9770992366412213,0.3404255319148936,0.8620689655172413,0.0,1.0
-1.0,0.9923664122137404,-0.020833333333333332,1.0,0.0,1.0
-1.0,0.9615384615384616,-0.14285714285714285,1.0,0.9090909090909091,1.0
-1.0,0.9847328244274809,-0.10638297872340426,1.0,-0.7272727272727273,1.0
-1.0,1.0,0.1276595744680851,1.0,0.9,1.0
-1.0,0.06060606060606061,0.9787234042553191,1.0,-0.9,1.0
-0.9656652360515021,1.0,0.14893617021276595,1.0,1.0,1.0
0.9826839826839827,0.9465648854961832,1.0,0.8,0.0,1.0
0.9828326180257511,-1.0,-1.0,-0.7241379310344828,-0.09090909090909091,0.0
0.9739130434782609,-0.9848484848484849,-1.0,-0.9285714285714286,-0.09090909090909091,-1.0
-0.9868995633187773,0.9098360655737705,1.0,1.0,0.8181818181818182,0
-1.0,0.024193548387096774,0.9523809523809523,1.0,-0.9090909090909091,0
-1.0,0.991869918699187,0.023809523809523808,1.0,0.0,0
-1.0,1.0,0.06818181818181818,1.0,0.18181818181818182,0
-1.0,1.0,0.045454545454545456,1.0,0.7272727272727273,0
-1.0,1.0,0.022727272727272728,1.0,0.5454545454545454,0
-1.0,1.0,0.022727272727272728,1.0,0.0,0
-1.0,1.0,0.0,1.0,0.8181818181818182,0
-1.0,1.0,0.0,1.0,0.36363636363636365,0
-1.0,0.9923076923076923,0.0,1.0,1.0,0
-1.0,0.9844961240310077,0.0,1.0,0.09090909090909091,0
-0.9911894273127754,1.0,0.022727272727272728,1.0,0.09090909090909091,0
-1.0,1.0,0.022222222222222223,1.0,0.09090909090909091,0
0.9383259911894273,-0.9761904761904762,-1.0,-0.9310344827586207,-0.8181818181818182,0
0.9823788546255506,0.112,1.0,0.8571428571428571,0.1,0
-1.0,0.9612403100775194,0.0,1.0,0.4,0
-1.0,1.0,0.0,1.0,-0.18181818181818182,0
-1.0,1.0,0.0,1.0,0.36363636363636365,0
-1.0,0.015873015873015872,1.0,1.0,0.0,0
-1.0,0.007874015748031496,1.0,1.0,-0.2,0
-1.0,0.9920634920634921,0.022222222222222223,1.0,1.0,0
-1.0,1.0,0.0,1.0,0.18181818181818182,0
-1.0,1.0,0.021739130434782608,1.0,0.18181818181818182,0
-1.0,1.0,0.0,1.0,-0.09090909090909091,0
-1.0,1.0,0.0,1.0,1.0,0
-1.0,1.0,0.0,1.0,1.0,0
-1.0,1.0,0.0,1.0,0.18181818181818182,0
-1.0,1.0,0.0,1.0,0.4,0
-1.0,1.0,0.0,1.0,1.0,0
-1.0,1.0,0.0,1.0,0.3,0
-1.0,1.0,0.0,1.0,0.2727272727272727,0
-1.0,1.0,0.0,1.0,0.2727272727272727,0
-1.0,1.0,0.0,1.0,0.18181818181818182,0
-1.0,1.0,0.0,1.0,1.0,0
-1.0,1.0,0.0,1.0,0.18181818181818182,0
-1.0,1.0,0.0,1.0,1.0,0
-1.0,1.0,0.0,1.0,1.0,0
-1.0,1.0,0.0,1.0,0.0,0
-1.0,1.0,0.0,1.0,0.18181818181818182,0
0.9912663755458515,0.9274193548387096,-1.0,-1.0,0.0,0
1.0,1.0,-0.9555555555555556,1.0,-1.0,1.0
1.0,1.0,1.0,0.8181818181818182,-1.0,1.0
1.0,0.9797979797979798,0.9090909090909091,0.9545454545454546,1.0,1.0
1.0,0.9824561403508771,1.0,0.6086956521739131,-1.0,1.0
-1.0,0.9824561403508771,1.0,1.0,1.0,1.0
-0.9641255605381166,0.2894736842105263,0.9545454545454546,0.8333333333333334,0.7777777777777778,1.0
1.0,0.9824561403508771,0.9767441860465116,0.75,-1.0,1.0
-1.0,1.0,1.0,1.0,-0.42857142857142855,1.0
-1.0,1.0,1.0,1.0,-0.375,1.0
-1.0,1.0,1.0,0.92,-0.2,1.0
-0.9911111111111112,1.0,1.0,1.0,-0.3333333333333333,1.0
-1.0,1.0,1.0,1.0,-0.3333333333333333,1.0
-1.0,1.0,1.0,1.0,-0.4,1.0
-1.0,1.0,1.0,1.0,-0.4,1.0
-1.0,1.0,1.0,1.0,-0.1111111111111111,1.0
-1.0,1.0,1.0,1.0,0.0,1.0
-1.0,1.0,1.0,1.0,-0.1111111111111111,1.0
-1.0,1.0,1.0,1.0,-0.2,1.0
-1.0,1.0,1.0,1.0,-0.1,1.0
-1.0,1.0,1.0,1.0,0.0,1.0
-1.0,1.0,1.0,1.0,-0.1,1.0
-1.0,1.0,1.0,1.0,-0.4,1.0
-1.0,1.0,1.0,1.0,-0.3,1.0
-1.0,1.0,1.0,1.0,-0.14285714285714285,1.0
-1.0,1.0,1.0,1.0,-0.1111111111111111,1.0
-1.0,1.0,1.0,1.0,-0.3,1.0
-1.0,1.0,1.0,1.0,-0.2,1.0
-0.9956331877729258,1.0,1.0,1.0,-0.3,1.0
-1.0,1.0,1.0,1.0,-0.1,1.0
-1.0,1.0,1.0,1.0,-0.1,1.0
-1.0,1.0,1.0,1.0,0.0,1.0
-1.0,1.0,1.0,1.0,-0.1,1.0
-1.0,1.0,1.0,1.0,0.0,1.0
-1.0,1.0,1.0,1.0,-0.2,1.0
-1.0,1.0,1.0,1.0,-0.4444444444444444,1.0
-0.9956331877729258,1.0,1.0,1.0,-0.1,1.0
-1.0,1.0,1.0,1.0,-0.3,1.0
-1.0,1.0,1.0,1.0,-0.1111111111111111,1.0
-1.0,1.0,1.0,1.0,-0.2,1.0
-1.0,1.0,1.0,1.0,-0.1,1.0
-1.0,1.0,1.0,1.0,0.0,1.0
-1.0,1.0,1.0,1.0,-0.2,1.0
-1.0,1.0,1.0,1.0,-0.3333333333333333,1.0
-1.0,1.0,1.0,1.0,-0.2,1.0
-1.0,1.0,1.0,1.0,-0.3,1.0
-1.0,1.0,1.0,1.0,-0.2,1.0
-1.0,1.0,1.0,1.0,-0.3,1.0
-1.0,1.0,1.0,1.0,-0.2222222222222222,1.0
-1.0,1.0,1.0,1.0,0.1,1.0
-1.0,1.0,1.0,1.0,-0.2,1.0
-1.0,1.0,1.0,1.0,-0.1111111111111111,1.0
-1.0,1.0,1.0,1.0,-0.3,1.0
-1.0,0.9846153846153847,1.0,1.0,0.0,1.0
-1.0,1.0,1.0,1.0,-0.1,1.0
-1.0,1.0,1.0,1.0,-0.3,1.0
-0.9826839826839827,1.0,1.0,1.0,0.1,1.0
-1.0,1.0,1.0,1.0,-0.2,1.0
-1.0,1.0,1.0,1.0,-0.1111111111111111,1.0
-1.0,1.0,1.0,1.0,-0.2222222222222222,1.0
-1.0,1.0,1.0,1.0,-0.1,1.0
-1.0,1.0,1.0,1.0,-0.1111111111111111,1.0
-1.0,1.0,1.0,1.0,-0.3,1.0
-1.0,1.0,1.0,1.0,-0.2,1.0
-1.0,1.0,1.0,1.0,0.0,1.0
-1.0,1.0,1.0,1.0,0.0,1.0
-1.0,1.0,1.0,1.0,0.0,1.0
-1.0,1.0,1.0,1.0,-0.2,1.0
-1.0,1.0,1.0,1.0,0.0,1.0
-1.0,1.0,1.0,1.0,0.1,1.0
-1.0,1.0,1.0,1.0,0.0,1.0
-1.0,1.0,1.0,1.0,0.0,1.0
-0.991304347826087,1.0,1.0,1.0,-0.2222222222222222,1.0
-1.0,1.0,1.0,1.0,-0.1,1.0
-1.0,1.0,1.0,0.9259259259259259,0.0,1.0
-1.0,1.0,1.0,1.0,0.2,1.0
-0.991304347826087,1.0,1.0,1.0,0.1,1.0
-0.9912663755458515,1.0,1.0,1.0,-0.1,1.0
-1.0,1.0,1.0,1.0,-0.3,1.0
-1.0,1.0,1.0,1.0,0.2,1.0
-1.0,1.0,1.0,1.0,0.1,1.0
-0.991304347826087,1.0,1.0,1.0,0.0,1.0
-1.0,1.0,1.0,1.0,0.0,1.0
-1.0,1.0,1.0,1.0,0.0,1.0
-1.0,1.0,1.0,1.0,0.0,1.0
-1.0,1.0,1.0,1.0,0.2,1.0
-1.0,1.0,1.0,1.0,0.0,1.0
-0.9956521739130435,1.0,1.0,1.0,0.0,1.0
-1.0,1.0,1.0,1.0,-0.2,1.0
-1.0,1.0,1.0,1.0,0.1,1.0
-1.0,1.0,1.0,1.0,0.1,1.0
-1.0,1.0,1.0,1.0,0.0,1.0
-1.0,1.0,1.0,1.0,0.1,1.0
-1.0,1.0,0.9591836734693877,1.0,0.1,1.0
-1.0,1.0,1.0,1.0,-0.1111111111111111,1.0
-1.0,1.0,1.0,1.0,0.0,1.0
-1.0,1.0,1.0,1.0,0.0,1.0
-0.9913419913419913,1.0,1.0,1.0,0.0,1.0
-1.0,1.0,1.0,1.0,0.1111111111111111,1.0
-1.0,1.0,1.0,1.0,0.0,1.0
-1.0,1.0,1.0,1.0,0.1,1.0
-1.0,1.0,1.0,1.0,-0.1,1.0
-1.0,1.0,1.0,1.0,-0.3,1.0
-1.0,1.0,1.0,1.0,0.0,1.0
-0.9913793103448276,1.0,1.0,1.0,0.2222222222222222,1.0
-0.9913793103448276,1.0,1.0,1.0,0.3333333333333333,1.0
-1.0,1.0,1.0,1.0,-0.1,1.0
-1.0,1.0,1.0,1.0,0.1,1.0
-1.0,1.0,1.0,1.0,0.1,1.0
-1.0,1.0,1.0,1.0,0.1,1.0
-1.0,1.0,1.0,1.0,0.0,-1.0
-1.0,1.0,1.0,1.0,0.0,1.0
-1.0,1.0,1.0,1.0,-0.2,1.0
-1.0,1.0,1.0,1.0,-0.3,1.0
-1.0,1.0,1.0,1.0,0.1,1.0
-1.0,1.0,1.0,1.0,0.0,1.0
-1.0,1.0,1.0,1.0,0.0,1.0
-1.0,1.0,1.0,1.0,0.0,1.0
-1.0,1.0,1.0,1.0,0.0,1.0
-1.0,1.0,1.0,1.0,-0.9,1.0
-1.0,1.0,0.9591836734693877,1.0,0.0,1.0
-0.9956709956709957,1.0,1.0,1.0,-0.2,1.0
-1.0,1.0,1.0,0.9285714285714286,0.0,1.0
-1.0,1.0,1.0,1.0,-0.2,1.0
-0.9913419913419913,1.0,1.0,1.0,0.0,1.0
-1.0,1.0,1.0,1.0,0.0,1.0
-0.987012987012987,1.0,1.0,1.0,0.0,1.0
-1.0,1.0,1.0,1.0,0.2,1.0
-1.0,1.0,1.0,1.0,0.0,1.0
-1.0,1.0,1.0,1.0,-0.1,1.0
-1.0,0.984375,1.0,1.0,0.0,1.0
-1.0,1.0,1.0,1.0,0.2,1.0
-1.0,1.0,1.0,1.0,0.2,1.0
-1.0,1.0,1.0,1.0,-0.2,1.0
-0.9913793103448276,1.0,1.0,1.0,0.0,1.0
-1.0,1.0,1.0,1.0,0.0,1.0
-1.0,1.0,1.0,1.0,0.0,1.0
-1.0,1.0,1.0,1.0,-0.5,1.0
-1.0,1.0,1.0,1.0,0.1,1.0
-1.0,1.0,1.0,1.0,-0.3,1.0
-1.0,1.0,1.0,1.0,-0.2,1.0
-1.0,1.0,1.0,1.0,0.0,1.0
-1.0,1.0,1.0,1.0,0.0,1.0
-0.9913793103448276,1.0,1.0,1.0,0.0,1.0
-1.0,1.0,1.0,1.0,-0.2,1.0
-1.0,0.9846153846153847,1.0,1.0,0.4,1.0
-1.0,1.0,1.0,1.0,0.1,1.0
-1.0,1.0,1.0,1.0,-0.1,1.0
-1.0,1.0,1.0,1.0,0.1111111111111111,1.0
-1.0,1.0,1.0,1.0,0.0,1.0
-1.0,1.0,1.0,1.0,0.2,1.0
-1.0,1.0,1.0,1.0,-0.3,1.0
-1.0,1.0,1.0,1.0,0.0,1.0
-1.0,1.0,1.0,1.0,0.0,1.0
-1.0,1.0,1.0,1.0,0.2,1.0
-1.0,1.0,1.0,1.0,0.2222222222222222,1.0
-1.0,1.0,1.0,1.0,-0.4,1.0
-1.0,1.0,1.0,1.0,0.6,1.0
-1.0,1.0,1.0,1.0,-0.2,1.0
-1.0,1.0,1.0,1.0,-0.4,1.0
-1.0,1.0,1.0,1.0,-0.6,1.0
-1.0,1.0,1.0,1.0,-0.5,1.0
-1.0,1.0,1.0,1.0,-0.2,1.0
-1.0,1.0,1.0,1.0,-0.8,1.0
-1.0,1.0,1.0,1.0,0.0,1.0
-1.0,1.0,1.0,1.0,0.0,1.0
-1.0,1.0,1.0,1.0,0.1,1.0
-1.0,1.0,1.0,1.0,0.1,1.0
-1.0,1.0,1.0,1.0,0.1,1.0
-1.0,1.0,1.0,1.0,0.1,1.0
-1.0,1.0,1.0,1.0,0.1111111111111111,1.0
-1.0,1.0,1.0,1.0,0.0,1.0
-0.9826839826839827,1.0,1.0,1.0,0.1,1.0
-1.0,1.0,1.0,1.0,0.0,1.0
-0.9913419913419913,1.0,1.0,1.0,0.3,1.0
-1.0,1.0,1.0,1.0,-0.4,1.0
-1.0,1.0,1.0,1.0,0.0,1.0
-1.0,1.0,1.0,1.0,0.1,1.0
1.0,0.9846153846153847,1.0,0.0,-0.3,1.0
-0.9739130434782609,1.0,1.0,0.92,0.0,1.0
-1.0,1.0,1.0,1.0,0.0,1.0
-1.0,1.0,1.0,1.0,-0.2,1.0
-1.0,1.0,1.0,1.0,0.0,1.0
-1.0,1.0,1.0,1.0,0.0,1.0
-1.0,1.0,1.0,1.0,0.2,1.0
-1.0,1.0,1.0,1.0,-0.2,1.0
-1.0,1.0,1.0,1.0,0.2222222222222222,1.0
-1.0,1.0,1.0,1.0,0.0,1.0
-1.0,1.0,0.9583333333333334,1.0,-0.9,1.0
-1.0,1.0,1.0,1.0,-0.6,1.0
-1.0,1.0,1.0,1.0,-0.6,1.0
-1.0,1.0,1.0,1.0,-0.8,1.0
-1.0,1.0,1.0,1.0,-0.8,1.0
-1.0,1.0,1.0,1.0,-0.7,1.0
-1.0,1.0,1.0,1.0,-0.8,1.0
-1.0,1.0,1.0,1.0,-0.8,1.0
-1.0,1.0,1.0,1.0,-0.8,1.0
-0.991304347826087,0.9923076923076923,1.0,1.0,-0.8,1.0
-1.0,1.0,1.0,1.0,-0.6,1.0
-1.0,1.0,1.0,1.0,-0.8,1.0
-1.0,1.0,1.0,1.0,-0.7,1.0
-1.0,1.0,1.0,1.0,-0.8,1.0
-1.0,1.0,1.0,1.0,-0.8,1.0
-1.0,1.0,1.0,1.0,-0.8,1.0
-1.0,1.0,1.0,1.0,-0.7,1.0
-1.0,1.0,1.0,1.0,-0.7,1.0
-1.0,1.0,1.0,1.0,-0.8,1.0
-0.9912663755458515,1.0,1.0,1.0,-0.6,1.0
-1.0,1.0,1.0,1.0,-0.6,1.0
-1.0,1.0,1.0,1.0,-0.7,1.0
-1.0,1.0,1.0,1.0,-0.8,1.0
-1.0,1.0,1.0,1.0,-0.7,1.0
-1.0,1.0,1.0,1.0,-0.7,1.0
-1.0,1.0,1.0,1.0,-0.7142857142857143,1.0
-1.0,1.0,1.0,1.0,-0.7,1.0
-1.0,1.0,1.0,1.0,-0.8,1.0
-1.0,1.0,1.0,1.0,-0.7,1.0
-1.0,1.0,1.0,1.0,-0.7,1.0
-1.0,1.0,1.0,1.0,-0.7,1.0
-1.0,1.0,1.0,1.0,-0.5,1.0
-1.0,1.0,1.0,1.0,-0.5,1.0
-1.0,1.0,1.0,1.0,-0.6,1.0
-1.0,1.0,1.0,1.0,-0.6666666666666666,1.0
-0.9913419913419913,1.0,1.0,1.0,-0.4444444444444444,1.0
-1.0,1.0,1.0,1.0,-0.5,1.0
-0.991304347826087,1.0,1.0,1.0,-0.7,1.0
-1.0,1.0,1.0,1.0,-0.6,1.0
-1.0,1.0,1.0,1.0,-0.6,1.0
-0.9956896551724138,1.0,1.0,1.0,-0.6,1.0
-1.0,1.0,1.0,1.0,-0.7,1.0
-1.0,1.0,1.0,1.0,-0.7,1.0
-1.0,1.0,1.0,1.0,-0.7,1.0
-1.0,1.0,1.0,1.0,-0.6,1.0
-1.0,1.0,1.0,1.0,-0.5,1.0
-1.0,1.0,1.0,1.0,-0.5,1.0
-1.0,1.0,1.0,1.0,-0.6,1.0
-1.0,1.0,1.0,1.0,-0.7,1.0
-1.0,1.0,1.0,1.0,-0.5,1.0
-1.0,1.0,1.0,1.0,-0.5555555555555556,1.0
-1.0,1.0,1.0,1.0,-0.5,1.0
-1.0,1.0,1.0,1.0,-0.7,1.0
-1.0,1.0,1.0,1.0,-0.7,1.0
-1.0,1.0,1.0,1.0,-0.4,1.0
-1.0,1.0,1.0,1.0,-0.6666666666666666,1.0
-1.0,1.0,1.0,1.0,-0.5,1.0
-1.0,1.0,1.0,1.0,-0.5,1.0
-0.9826839826839827,1.0,1.0,1.0,-0.8,1.0
0.9826839826839827,1.0,-1.0,1.0,-0.4,1.0
-1.0,1.0,1.0,1.0,-0.4,1.0
-0.9910714285714286,1.0,1.0,1.0,-0.5,1.0
-1.0,1.0,1.0,1.0,-0.5,1.0
-1.0,1.0,1.0,1.0,-0.5,1.0
-1.0,1.0,1.0,1.0,-0.4444444444444444,1.0
-1.0,1.0,1.0,1.0,-0.4,1.0
-1.0,1.0,1.0,1.0,-0.2,1.0
-1.0,1.0,1.0,1.0,-0.5,1.0
-1.0,1.0,1.0,1.0,-0.2,1.0
-1.0,1.0,1.0,1.0,-0.375,1.0
-1.0,1.0,1.0,1.0,0.0,1.0
-1.0,1.0,1.0,1.0,-0.2,1.0
-1.0,1.0,1.0,1.0,-0.1,1.0
-1.0,1.0,1.0,1.0,-0.2,1.0
-1.0,1.0,1.0,1.0,-0.2222222222222222,1.0
-0.9911894273127754,1.0,1.0,1.0,0.3,1.0
-1.0,1.0,1.0,1.0,0.1111111111111111,1.0
-1.0,1.0,1.0,0.9310344827586207,0.0,1.0
-1.0,1.0,1.0,1.0,-0.2,1.0
-0.9737991266375546,1.0,1.0,1.0,-0.2,1.0
-1.0,1.0,1.0,1.0,0.0,1.0
-1.0,1.0,1.0,1.0,-0.1,1.0
-1.0,1.0,1.0,1.0,0.3,1.0
-1.0,1.0,1.0,1.0,-0.2,1.0
-1.0,1.0,1.0,1.0,-0.1111111111111111,1.0
-1.0,1.0,1.0,1.0,-0.1111111111111111,1.0
-1.0,1.0,1.0,1.0,-0.4,1.0
-1.0,1.0,1.0,1.0,-0.1,1.0
-0.9911894273127754,1.0,1.0,1.0,-0.1,1.0
-1.0,1.0,1.0,1.0,0.2,1.0
-1.0,1.0,1.0,1.0,-0.1,1.0
-1.0,1.0,1.0,1.0,-0.2,1.0
-0.9912280701754386,1.0,1.0,1.0,0.0,1.0
-1.0,1.0,1.0,1.0,-0.2,1.0
-1.0,0.9846153846153847,1.0,1.0,0.0,1.0
-1.0,1.0,1.0,1.0,0.2,1.0
-1.0,1.0,1.0,1.0,0.1,1.0
-1.0,1.0,1.0,1.0,0.2,1.0
-1.0,1.0,1.0,1.0,-0.1,1.0
-1.0,1.0,1.0,1.0,-0.2,1.0
-1.0,1.0,1.0,1.0,0.0,1.0
-1.0,1.0,1.0,1.0,-0.1,1.0
-1.0,1.0,1.0,1.0,0.0,1.0
-1.0,1.0,1.0,1.0,-0.1,1.0
-1.0,1.0,1.0,1.0,0.0,1.0
-1.0,1.0,1.0,1.0,-0.1,1.0
-1.0,1.0,1.0,1.0,-0.1111111111111111,1.0
-1.0,1.0,1.0,1.0,0.7,1.0
-1.0,1.0,1.0,1.0,0.6,1.0
-1.0,1.0,1.0,1.0,0.5555555555555556,1.0
-1.0,1.0,1.0,1.0,-0.1,1.0
-1.0,1.0,1.0,1.0,0.5,1.0
-0.9912663755458515,1.0,1.0,1.0,0.3,1.0
0.9653679653679653,1.0,1.0,1.0,0.2,1.0
-0.9826086956521739,1.0,1.0,1.0,0.0,1.0
-1.0,1.0,1.0,1.0,0.2,1.0
-1.0,1.0,1.0,1.0,-0.2,1.0
0.974025974025974,-1.0,-0.9591836734693877,0.6551724137931034,-0.1111111111111111,-1.0
-0.9870689655172413,1.0,1.0,1.0,0.4,1.0
1.0,1.0,1.0,0.9642857142857143,0.0,1.0
-0.9827586206896551,1.0,1.0,1.0,-1.0,1.0
-0.9913419913419913,1.0,1.0,1.0,-1.0,1.0
-0.9912280701754386,1.0,1.0,1.0,-1.0,1.0
-1.0,1.0,1.0,1.0,-1.0,1.0
-1.0,1.0,1.0,1.0,-1.0,1.0
-1.0,1.0,1.0,1.0,-1.0,1.0
-1.0,1.0,1.0,1.0,-1.0,1.0
-1.0,1.0,1.0,1.0,-1.0,1.0
-1.0,1.0,1.0,1.0,-1.0,1.0
-1.0,1.0,1.0,1.0,-1.0,1.0
-1.0,1.0,1.0,1.0,-1.0,1.0
-0.9912663755458515,1.0,1.0,1.0,-1.0,1.0
-1.0,1.0,1.0,1.0,-1.0,1.0
-1.0,1.0,1.0,1.0,-1.0,1.0
-1.0,1.0,1.0,1.0,-1.0,1.0
-1.0,1.0,1.0,1.0,-0.9,1.0
-1.0,1.0,1.0,1.0,-1.0,1.0
-1.0,1.0,1.0,1.0,-1.0,1.0
-1.0,1.0,1.0,1.0,-1.0,1.0
-1.0,1.0,1.0,1.0,-1.0,1.0
-1.0,1.0,1.0,1.0,-1.0,1.0
-1.0,1.0,1.0,1.0,-1.0,1.0
-1.0,1.0,1.0,1.0,-1.0,1.0
-1.0,1.0,1.0,1.0,-1.0,1.0
-1.0,1.0,1.0,1.0,-1.0,1.0
-1.0,1.0,1.0,1.0,-0.8888888888888888,1.0
-1.0,1.0,1.0,1.0,-1.0,1.0
-1.0,1.0,1.0,1.0,-1.0,1.0
-1.0,1.0,1.0,1.0,-1.0,1.0
-1.0,1.0,1.0,1.0,-1.0,1.0
-1.0,1.0,1.0,1.0,-1.0,1.0
-1.0,1.0,1.0,1.0,-1.0,1.0
-1.0,1.0,1.0,1.0,-1.0,1.0
-1.0,1.0,1.0,1.0,-0.9,1.0
-1.0,1.0,0.9574468085106383,1.0,-0.8,1.0
-1.0,1.0,1.0,1.0,-1.0,1.0
-1.0,1.0,1.0,1.0,-1.0,1.0
-1.0,1.0,1.0,1.0,-0.6,1.0
-1.0,1.0,1.0,1.0,0.1111111111111111,1.0
-1.0,1.0,1.0,1.0,-0.125,1.0
-1.0,1.0,1.0,1.0,0.0,1.0
-1.0,0.9922480620155039,1.0,1.0,-0.4444444444444444,1.0
-1.0,1.0,1.0,1.0,-0.5,1.0
-1.0,1.0,0.9591836734693877,1.0,-0.4444444444444444,1.0
-1.0,1.0,0.9591836734693877,1.0,-0.2222222222222222,1.0
-1.0,1.0,1.0,0.9285714285714286,0.0,1.0
-1.0,1.0,1.0,0.8275862068965517,-0.2,1.0
-1.0,1.0,0.9583333333333334,0.8571428571428571,-0.1,1.0
-1.0,1.0,1.0,0.8620689655172413,-0.1111111111111111,1.0
-1.0,1.0,1.0,0.8571428571428571,-0.1,1.0
-0.9911894273127754,1.0,1.0,0.8571428571428571,-0.1,1.0
-1.0,0.9769230769230769,1.0,0.8518518518518519,-0.2,1.0
-1.0,1.0,1.0,0.7857142857142857,-0.2,1.0
-1.0,1.0,1.0,0.8620689655172413,0.1,1.0
-1.0,1.0,1.0,0.8620689655172413,0.1,1.0
-1.0,1.0,1.0,0.8518518518518519,-0.6,1.0
-1.0,1.0,1.0,0.8571428571428571,0.0,1.0
-1.0,1.0,1.0,0.92,0.1,1.0
-1.0,1.0,1.0,1.0,-0.4444444444444444,1.0
-1.0,1.0,1.0,0.8620689655172413,-0.3,1.0
-1.0,1.0,1.0,0.8620689655172413,-0.3,1.0
-0.974025974025974,1.0,1.0,0.8620689655172413,-0.4444444444444444,1.0
-1.0,1.0,1.0,0.8620689655172413,0.1,1.0
-1.0,1.0,1.0,0.8620689655172413,0.0,1.0
-1.0,1.0,1.0,0.7777777777777778,-0.2222222222222222,1.0
-1.0,1.0,1.0,0.8620689655172413,-0.3,1.0
-1.0,1.0,1.0,0.7931034482758621,-0.2,1.0
-1.0,1.0,1.0,0.8571428571428571,-0.3,1.0
-1.0,1.0,1.0,0.8571428571428571,0.0,1.0
-1.0,1.0,1.0,0.7857142857142857,-0.4,1.0
-1.0,1.0,1.0,1.0,-0.2222222222222222,1.0
-1.0,1.0,1.0,1.0,-0.1,1.0
0.9827586206896551,1.0,1.0,1.0,0.7,1.0
-0.9911894273127754,1.0,1.0,1.0,-0.2222222222222222,1.0
-0.9822222222222222,1.0,1.0,1.0,-0.5,1.0
-1.0,1.0,1.0,1.0,-0.7,1.0
-0.9912663755458515,1.0,1.0,1.0,-0.4,1.0
-1.0,1.0,1.0,1.0,0.0,1.0
-0.991304347826087,1.0,1.0,1.0,0.1,1.0
-1.0,1.0,1.0,1.0,0.1,1.0
-1.0,1.0,1.0,1.0,0.1,1.0
-1.0,1.0,1.0,1.0,-0.1,1.0
-1.0,0.9921875,1.0,1.0,0.0,1.0
-1.0,1.0,1.0,1.0,0.0,1.0
-1.0,1.0,1.0,1.0,-0.2222222222222222,1.0
-1.0,1.0,1.0,1.0,0.0,1.0
-1.0,1.0,1.0,1.0,0.1,1.0
-1.0,1.0,1.0,1.0,-0.1,1.0
-1.0,1.0,1.0,1.0,0.0,1.0
-1.0,1.0,1.0,1.0,0.0,1.0
-1.0,1.0,1.0,1.0,0.1111111111111111,1.0
-1.0,1.0,1.0,1.0,0.0,1.0
-1.0,1.0,1.0,1.0,0.0,1.0
-1.0,1.0,1.0,1.0,-0.4,1.0
-1.0,1.0,1.0,1.0,0.0,1.0
-1.0,1.0,1.0,1.0,0.1,1.0
-0.9826086956521739,1.0,1.0,1.0,0.0,1.0
-0.9913419913419913,1.0,1.0,1.0,0.0,1.0
-1.0,1.0,1.0,1.0,0.0,1.0
-0.9869565217391304,1.0,1.0,1.0,0.0,1.0
-1.0,1.0,1.0,1.0,0.0,1.0
-1.0,1.0,1.0,1.0,0.0,1.0
-1.0,1.0,1.0,1.0,0.2222222222222222,1.0
-1.0,1.0,1.0,1.0,0.1,1.0
-1.0,1.0,1.0,1.0,0.1111111111111111,1.0
-1.0,1.0,1.0,1.0,-0.4444444444444444,1.0
-1.0,1.0,1.0,1.0,0.0,1.0
-1.0,1.0,1.0,1.0,0.0,1.0
-1.0,1.0,1.0,1.0,0.125,1.0
-0.9913793103448276,1.0,1.0,1.0,-0.2222222222222222,1.0
-1.0,1.0,1.0,1.0,0.0,1.0
-1.0,1.0,1.0,1.0,-0.2,1.0
-1.0,1.0,1.0,1.0,-0.3,1.0
-1.0,1.0,1.0,1.0,-0.1111111111111111,1.0
-1.0,1.0,1.0,1.0,-0.2,1.0
-1.0,1.0,1.0,1.0,0.2,1.0
-1.0,1.0,1.0,1.0,0.0,1.0
-0.982532751091703,1.0,1.0,1.0,0.0,1.0
-1.0,1.0,1.0,1.0,-0.1,1.0
-1.0,1.0,1.0,1.0,0.0,1.0
-1.0,1.0,1.0,1.0,0.6,1.0
-1.0,1.0,1.0,1.0,0.125,1.0
-1.0,1.0,1.0,1.0,-0.125,1.0
-1.0,1.0,1.0,1.0,-0.1,1.0
-1.0,0.984251968503937,1.0,1.0,0.0,1.0
-1.0,1.0,1.0,1.0,0.125,1.0
-1.0,1.0,1.0,1.0,-0.3,1.0
-1.0,1.0,1.0,1.0,-0.4,1.0
-1.0,1.0,1.0,1.0,-0.3,1.0
-1.0,1.0,1.0,1.0,-0.2,1.0
-1.0,1.0,1.0,1.0,0.0,1.0
-0.9913419913419913,1.0,1.0,1.0,0.0,1.0
-1.0,1.0,1.0,1.0,0.0,1.0
-1.0,1.0,1.0,1.0,0.0,1.0
-1.0,1.0,1.0,1.0,0.0,1.0
-1.0,1.0,1.0,1.0,-0.2,1.0
-1.0,1.0,1.0,1.0,0.0,1.0
-1.0,1.0,1.0,1.0,0.1,1.0
-1.0,1.0,1.0,1.0,-0.1,1.0
-1.0,1.0,1.0,1.0,0.0,1.0
-0.9912280701754386,1.0,1.0,1.0,0.1,1.0
-1.0,1.0,1.0,1.0,0.0,1.0
-0.982532751091703,1.0,1.0,1.0,0.0,1.0
-1.0,1.0,1.0,1.0,-0.1,1.0
-1.0,1.0,1.0,1.0,0.0,1.0
-0.9649122807017544,1.0,1.0,1.0,0.0,1.0
-1.0,1.0,1.0,1.0,0.0,1.0
-1.0,1.0,1.0,1.0,0.125,1.0
-1.0,1.0,1.0,1.0,0.1111111111111111,1.0
-1.0,1.0,1.0,1.0,0.1111111111111111,1.0
-1.0,1.0,1.0,1.0,0.0,1.0
-1.0,1.0,1.0,1.0,-0.1,1.0
-1.0,1.0,1.0,1.0,0.2,1.0
-1.0,1.0,1.0,1.0,0.0,1.0
-0.9911894273127754,1.0,1.0,1.0,0.625,1.0
-1.0,1.0,1.0,1.0,0.6666666666666666,1.0
-1.0,1.0,1.0,1.0,-0.2,1.0
-1.0,1.0,1.0,1.0,0.0,1.0
-1.0,1.0,1.0,1.0,0.2222222222222222,1.0
-1.0,1.0,1.0,1.0,0.3,1.0
-1.0,1.0,1.0,1.0,0.0,1.0
-1.0,1.0,1.0,1.0,0.0,1.0
-0.9912280701754386,1.0,1.0,1.0,0.1,1.0
-1.0,1.0,1.0,1.0,0.0,1.0
-1.0,1.0,1.0,1.0,0.0,1.0
-1.0,1.0,1.0,1.0,0.0,1.0
-1.0,1.0,1.0,1.0,0.7,1.0
-1.0,1.0,1.0,1.0,-0.2,1.0
-1.0,1.0,1.0,1.0,0.1,1.0
-1.0,1.0,1.0,1.0,0.3333333333333333,1.0
-1.0,1.0,1.0,1.0,0.0,1.0
-1.0,1.0,1.0,1.0,0.0,1.0
-1.0,1.0,1.0,1.0,0.0,1.0
-1.0,1.0,1.0,1.0,-0.1111111111111111,1.0
-0.9955947136563876,1.0,1.0,1.0,0.1,1.0
-1.0,1.0,1.0,1.0,0.0,1.0
-1.0,1.0,1.0,1.0,-0.1,1.0
-1.0,1.0,1.0,1.0,-0.2222222222222222,1.0
-1.0,1.0,1.0,1.0,-0.1,1.0
-1.0,1.0,1.0,1.0,-0.1,1.0
-1.0,1.0,1.0,1.0,-0.1,1.0
-1.0,1.0,1.0,1.0,-0.2,1.0
-1.0,1.0,1.0,1.0,0.0,1.0
-1.0,1.0,1.0,1.0,0.0,1.0
-1.0,1.0,1.0,1.0,0.2,1.0
-1.0,1.0,1.0,1.0,-0.4,1.0
-1.0,1.0,1.0,1.0,0.0,1.0
-1.0,0.9844961240310077,1.0,1.0,-0.1,1.0
-1.0,1.0,1.0,1.0,0.2,1.0
-1.0,1.0,1.0,1.0,-0.2,1.0
-1.0,1.0,1.0,1.0,-0.2,1.0
-1.0,1.0,1.0,1.0,-0.1,1.0
-1.0,1.0,1.0,1.0,0.0,1.0
-1.0,1.0,1.0,1.0,0.0,1.0
-1.0,1.0,1.0,1.0,-0.2,-1.0
-1.0,1.0,1.0,1.0,0.0,-1.0
-1.0,1.0,1.0,1.0,0.0,-1.0
-1.0,1.0,1.0,1.0,0.0,-1.0
-0.9913419913419913,1.0,1.0,1.0,-0.2,-1.0
-1.0,1.0,1.0,1.0,1.0,-1.0
-1.0,1.0,1.0,1.0,0.0,-1.0
-1.0,1.0,1.0,1.0,-0.2,-1.0
0.9655172413793104,1.0,1.0,1.0,-0.2,1.0
0.9655172413793104,1.0,1.0,1.0,-0.3,1.0
0.9826086956521739,-1.0,-1.0,0.896551724137931,0.9,1.0
0.9827586206896551,0.9534883720930233,1.0,1.0,-0.1,1.0
0.9568965517241379,0.984375,1.0,1.0,-0.6,1.0
1.0,0.9767441860465116,1.0,1.0,-0.1,1.0
0.991304347826087,1.0,1.0,1.0,-0.7,1.0
0.974025974025974,1.0,1.0,1.0,0.6,1.0
-0.9655172413793104,0.9921875,1.0,0.9310344827586207,0.2,1.0
-0.9913419913419913,1.0,1.0,-0.14285714285714285,-0.3,1.0
-1.0,1.0,1.0,1.0,0.7,1.0
-1.0,1.0,1.0,1.0,0.2,1.0
-1.0,1.0,1.0,1.0,0.2,1.0
-0.9912280701754386,1.0,1.0,1.0,0.1,1.0
-0.9912280701754386,1.0,1.0,0.9285714285714286,0.2222222222222222,1.0
-1.0,1.0,1.0,1.0,0.0,1.0
-1.0,1.0,1.0,0.9230769230769231,0.1111111111111111,1.0
-0.991304347826087,1.0,1.0,1.0,0.1,1.0
-1.0,1.0,1.0,1.0,0.2,1.0
-0.9913793103448276,1.0,1.0,1.0,0.1111111111111111,1.0
-1.0,0.9922480620155039,1.0,1.0,0.0,1.0
-0.9826086956521739,1.0,1.0,1.0,0.0,1.0
-1.0,1.0,1.0,1.0,0.1111111111111111,1.0
-1.0,1.0,1.0,1.0,0.0,1.0
-0.9912663755458515,1.0,1.0,1.0,0.125,1.0
-0.9912280701754386,1.0,1.0,1.0,0.3333333333333333,1.0
-1.0,1.0,1.0,1.0,0.4444444444444444,1.0
-1.0,1.0,1.0,1.0,0.4444444444444444,1.0
-1.0,1.0,1.0,1.0,0.4444444444444444,1.0
-0.9912663755458515,1.0,1.0,1.0,0.2222222222222222,1.0
-1.0,1.0,1.0,0.9310344827586207,0.1111111111111111,1.0
-1.0,1.0,1.0,1.0,0.0,1.0
-1.0,1.0,1.0,1.0,-0.1,1.0
-1.0,1.0,1.0,1.0,-0.1,1.0
-0.991304347826087,1.0,1.0,1.0,0.0,1.0
-1.0,1.0,1.0,1.0,-0.1,1.0
-1.0,1.0,1.0,1.0,0.7,1.0
-1.0,1.0,1.0,1.0,-0.5,1.0
-1.0,1.0,1.0,1.0,-0.5555555555555556,1.0
-1.0,1.0,1.0,1.0,-0.3,1.0
-1.0,1.0,1.0,1.0,-0.375,1.0
-1.0,1.0,1.0,1.0,-0.1,1.0
-0.9911111111111112,1.0,1.0,1.0,-0.125,1.0
-0.9913419913419913,0.9846153846153847,1.0,1.0,0.2,1.0
-1.0,1.0,1.0,1.0,0.3,1.0
-1.0,1.0,1.0,1.0,-0.1,1.0
-1.0,1.0,1.0,1.0,-0.6666666666666666,1.0
-1.0,1.0,1.0,1.0,-0.6666666666666666,1.0
-1.0,1.0,1.0,1.0,-0.7777777777777778,1.0
-1.0,1.0,1.0,1.0,0.2,1.0
-1.0,1.0,1.0,1.0,-0.5,1.0
-0.991304347826087,1.0,1.0,1.0,-0.2,1.0
-1.0,1.0,1.0,1.0,-0.3,1.0
-1.0,1.0,1.0,1.0,-0.3,1.0
-1.0,0.9921875,1.0,1.0,-0.2,1.0
-1.0,1.0,1.0,1.0,0.0,1.0
-1.0,1.0,1.0,1.0,0.2222222222222222,1.0
-1.0,1.0,1.0,1.0,0.3333333333333333,1.0
-1.0,1.0,1.0,1.0,-0.1,1.0
-1.0,1.0,1.0,1.0,0.0,1.0
-1.0,1.0,1.0,1.0,0.1111111111111111,1.0
-1.0,1.0,1.0,1.0,0.2222222222222222,1.0
-1.0,1.0,1.0,1.0,0.2,1.0
-1.0,1.0,1.0,1.0,0.1,1.0
-1.0,1.0,1.0,1.0,0.3,1.0
-1.0,1.0,1.0,1.0,0.0,1.0
-1.0,1.0,1.0,1.0,0.0,1.0
-1.0,1.0,1.0,1.0,0.3333333333333333,1.0
-1.0,1.0,1.0,1.0,-0.3333333333333333,1.0
-1.0,1.0,1.0,1.0,-0.3,1.0
-1.0,1.0,1.0,1.0,-0.3,1.0
-1.0,1.0,1.0,1.0,-0.3,1.0
-1.0,1.0,1.0,1.0,-0.2,1.0
-0.9826086956521739,1.0,1.0,1.0,0.0,1.0
0.9826839826839827,1.0,-1.0,1.0,-0.5,1.0
-0.9567099567099567,0.9692307692307692,1.0,1.0,0.0,1.0
1.0,1.0,1.0,0.9310344827586207,0.1,1.0
1.0,-1.0,-1.0,-1.0,-1.0,0.0
-0.987012987012987,0.9922480620155039,-0.9375,1.0,1.0,1.0
0.9782608695652174,-0.9534883720930233,-0.9375,0.9310344827586207,0.3,1.0
-0.974025974025974,1.0,0.9387755102040817,1.0,0.6,1.0
-1.0,-0.9767441860465116,-0.9591836734693877,0.9642857142857143,1.0,-1.0
0.9606986899563319,-0.984375,-0.9183673469387755,1.0,0.6,-1.0
-0.9913419913419913,1.0,0.8695652173913043,1.0,1.0,1.0
-1.0,1.0,0.9591836734693877,1.0,1.0,1.0
0.956140350877193,-1.0,0.6956521739130435,-1.0,-1.0,-1.0
-0.9866666666666667,0.992,-0.8478260869565217,0.8181818181818182,1.0,1.0
-0.9737991266375546,1.0,0.9583333333333334,1.0,1.0,1.0
1.0,-0.9838709677419355,-1.0,-0.9090909090909091,-1.0,-1.0
1.0,0.92,1.0,1.0,0.5555555555555556,1.0
1.0,-1.0,-1.0,-1.0,0.1111111111111111,-1.0
-1.0,0.9847328244274809,1.0,1.0,1.0,1.0
-1.0,1.0,0.0,1.0,1.0,1.0
-1.0,1.0,0.021739130434782608,1.0,1.0,1.0
-1.0,1.0,1.0,1.0,0.0,1.0
0.9399141630901288,-1.0,-1.0,1.0,0.0,1.0
1.0,-0.9847328244274809,-1.0,-1.0,0.0,-1.0
1.0,-1.0,-1.0,-1.0,0.0,-1.0
1.0,-0.9846153846153847,-0.9591836734693877,-1.0,0.0,-1.0
-0.9828326180257511,1.0,1.0,0.7241379310344828,0.0,1.0
0.9742489270386266,-1.0,-0.9591836734693877,-1.0,0.0,-1.0
1.0,-1.0,-1.0,-0.8620689655172413,0.0,-1.0
-1.0,1.0,1.0,1.0,0.0,1.0
-1.0,1.0,0.36585365853658536,0.9310344827586207,0.0,1.0
1.0,-1.0,-1.0,-1.0,0.0,-1.0
-0.9913793103448276,0.9847328244274809,-0.04081632653061224,1.0,1.0,1.0
-1.0,1.0,0.061224489795918366,1.0,1.0,1.0
-1.0,1.0,0.02040816326530612,1.0,1.0,1.0
-1.0,1.0,0.04081632653061224,1.0,1.0,1.0
-1.0,1.0,0.02040816326530612,1.0,1.0,1.0
-1.0,1.0,0.0,1.0,1.0,1.0
1.0,-1.0,-1.0,-1.0,-1.0,-1.0
-1.0,-1.0,-0.9795918367346939,-0.9655172413793104,1.0,-1.0
-1.0,0.9846153846153847,0.0,1.0,0.2,1.0
-1.0,-0.007751937984496124,-1.0,1.0,1.0,-1.0
-1.0,0.0,-1.0,1.0,1.0,-1.0
-1.0,0.007692307692307693,-0.9795918367346939,1.0,1.0,-1.0
-1.0,1.0,0.0,1.0,1.0,1.0
-1.0,-0.007751937984496124,-1.0,1.0,1.0,-1.0
-1.0,0.96875,1.0,1.0,1.0,1.0
-1.0,0.0,1.0,-0.7241379310344828,1.0,0.0
-0.9957081545064378,-0.9844961240310077,-1.0,-0.9310344827586207,1.0,-1.0
-0.9914163090128756,0.023076923076923078,-1.0,1.0,1.0,-1.0
-1.0,1.0,-1.0,1.0,1.0,1.0
-1.0,1.0,1.0,1.0,1.0,1.0
-0.9914163090128756,0.015384615384615385,0.9795918367346939,1.0,1.0,0.0
-1.0,1.0,1.0,0.8620689655172413,1.0,1.0
-1.0,-0.007692307692307693,-0.9795918367346939,1.0,1.0,1.0
-1.0,1.0,1.0,1.0,1.0,1.0
-1.0,-0.007751937984496124,1.0,1.0,1.0,-1.0
-0.991304347826087,0.023076923076923078,-0.9183673469387755,1.0,1.0,1.0
-1.0,1.0,-0.9591836734693877,1.0,1.0,1.0
-1.0,-0.007633587786259542,-0.9183673469387755,0.9285714285714286,1.0,0.0
-1.0,0.9453125,-0.9795918367346939,1.0,1.0,1.0
-1.0,0.03816793893129771,-0.02040816326530612,0.9310344827586207,1.0,-1.0
-1.0,1.0,1.0,1.0,1.0,1.0
1.0,0.0,1.0,0.0,-0.9,1.0
-1.0,1.0,1.0,1.0,0.8,1.0
1.0,1.0,1.0,0.9285714285714286,-0.1,1.0
1.0,-1.0,-1.0,-1.0,-1.0,-1.0
0.9956521739130435,-1.0,-1.0,-0.9655172413793104,0.3,-1.0
1.0,-1.0,-1.0,-0.9655172413793104,0.0,-1.0
1.0,-1.0,-1.0,-1.0,0.0,-1.0
1.0,-0.984375,0.9583333333333334,-0.25,0.7,-1.0
1.0,-1.0,0.9333333333333333,-0.32142857142857145,0.0,-1.0
1.0,-1.0,0.8478260869565217,-0.03571428571428571,-0.9,-1.0
-0.9652173913043478,-1.0,-1.0,-1.0,0.0,-1.0
-1.0,-1.0,-1.0,-1.0,0.0,-1.0
-1.0,-1.0,-1.0,-1.0,0.0,-1.0
-1.0,-1.0,-1.0,-1.0,0.0,-1.0
-1.0,-1.0,-1.0,-1.0,0.0,-1.0
-1.0,-1.0,-1.0,-1.0,0.0,-1.0
-1.0,-1.0,-1.0,-1.0,0.0,-1.0
-1.0,-1.0,-1.0,-1.0,0.0,-1.0
-1.0,-1.0,-1.0,-1.0,0.0,-1.0
-1.0,-1.0,-1.0,-1.0,0.0,-1.0
-1.0,-1.0,-1.0,-1.0,0.0,-1.0
-1.0,-1.0,-0.9791666666666666,-1.0,0.0,-1.0
-0.991304347826087,-1.0,-1.0,-1.0,-0.1111111111111111,-1.0
0.9396551724137931,-1.0,-1.0,-0.9310344827586207,1.0,-1.0
0.9655172413793104,-1.0,-1.0,-1.0,0.8,-1.0
-0.9742489270386266,-1.0,-1.0,-0.9655172413793104,-1.0,-1.0
-1.0,-1.0,-1.0,-1.0,1.0,-1.0
0.9181034482758621,-1.0,-1.0,-1.0,1.0,-1.0
0.9911894273127754,-1.0,-1.0,-1.0,-1.0,-1.0
0.9827586206896551,-1.0,-1.0,-1.0,1.0,-1.0
-0.9913419913419913,-1.0,-1.0,-1.0,-1.0,-1.0
0.9822222222222222,-0.9846153846153847,-1.0,-1.0,1.0,-1.0
-1.0,-1.0,-1.0,-1.0,0.0,-1.0
0.9388646288209607,-1.0,-1.0,-1.0,0.1111111111111111,-1.0
0.9912663755458515,-1.0,-1.0,-1.0,1.0,-1.0
1.0,-1.0,-1.0,-1.0,0.8,-1.0
0.9737991266375546,-1.0,-1.0,-1.0,0.8,-1.0
-0.9912280701754386,-1.0,-1.0,-1.0,-1.0,-1.0
1.0,-1.0,-1.0,-1.0,0.4,-1.0
1.0,-1.0,-1.0,-1.0,0.6,-1.0
-0.9385964912280702,-1.0,-1.0,-1.0,-0.8,-1.0
1.0,-1.0,-1.0,-1.0,0.7777777777777778,-1.0
0.9911894273127754,-1.0,-1.0,-1.0,0.8,-1.0
1.0,-1.0,-1.0,-1.0,0.8,-1.0
1.0,-1.0,-1.0,-1.0,0.8,-1.0
1.0,-1.0,-1.0,-1.0,0.8,-1.0
0.9913419913419913,-1.0,-1.0,-1.0,0.8,-1.0
1.0,-0.9846153846153847,-1.0,-1.0,0.8,-1.0
-0.9912663755458515,-0.96875,0.673469387755102,-1.0,-1.0,-1.0
1.0,-1.0,-1.0,-1.0,0.8,-1.0
1.0,-1.0,-1.0,-1.0,0.8,-1.0
1.0,-0.9844961240310077,-1.0,-1.0,0.7777777777777778,0
1.0,0.9069767441860465,-1.0,-1.0,0.8,1.0
1.0,-1.0,-1.0,-1.0,0.6666666666666666,-1.0
1.0,-1.0,-1.0,-1.0,0.0,-1.0
-0.9563318777292577,-1.0,-1.0,-1.0,0.0,-1.0
0.9821428571428571,-1.0,-1.0,-1.0,0.0,-1.0
1.0,-1.0,-1.0,-1.0,0.0,-1.0
0.991304347826087,-1.0,-1.0,-1.0,0.0,-1.0
1.0,-1.0,-1.0,-1.0,0.0,-1.0
-0.9742489270386266,-1.0,-1.0,-1.0,0.0,-1.0
1.0,-1.0,-1.0,-1.0,0.0,-1.0
-1.0,0.9846153846153847,0.9591836734693877,0.5172413793103449,0.0,1.0
-1.0,0.9307692307692308,-0.9795918367346939,1.0,0.0,1.0
0.9913793103448276,-1.0,-1.0,-1.0,-1.0,-1.0
-1.0,1.0,1.0,0.9629629629629629,1.0,0
-1.0,1.0,1.0,1.0,1.0,1.0
0.991304347826087,-1.0,1.0,-1.0,0.6666666666666666,-1.0
1.0,1.0,-1.0,-1.0,0.8,1.0
1.0,-1.0,-1.0,-1.0,0.0,-1.0
1.0,-0.9849624060150376,-1.0,-1.0,-0.16666666666666666,-1.0
1.0,-1.0,-1.0,-1.0,0.42857142857142855,-1.0
-0.9785407725321889,-1.0,-1.0,-1.0,0.6666666666666666,-1.0
-1.0,-1.0,-1.0,-1.0,0.75,-1.0
-1.0,-1.0,-1.0,-1.0,0.0,-1.0
-0.9956896551724138,1.0,1.0,1.0,0.75,1.0
1.0,-0.9699248120300752,-1.0,-1.0,0.0,-1.0
-1.0,0.0,1.0,1.0,0.125,0.0
-0.9913793103448276,1.0,1.0,1.0,0.5,1.0
0.9826839826839827,1.0,1.0,1.0,0.125,1.0
1.0,-1.0,-1.0,-1.0,0.0,-1.0
0.9913419913419913,-1.0,-1.0,-1.0,1.0,-1.0
1.0,-1.0,-1.0,-1.0,1.0,-1.0
1.0,-1.0,-1.0,-1.0,0.0,-1.0
1.0,-1.0,-1.0,-1.0,0.75,-1.0
0.9914163090128756,-1.0,-1.0,-1.0,-0.875,-1.0
1.0,0.9849624060150376,1.0,0.7333333333333333,0.25,1.0
1.0,1.0,1.0,1.0,0.25,1.0
-0.9743589743589743,1.0,1.0,1.0,0.0,1.0
-1.0,1.0,1.0,0.9666666666666667,-1.0,1.0
-1.0,1.0,1.0,1.0,-1.0,1.0
-1.0,1.0,1.0,1.0,1.0,1.0
-1.0,0.9090909090909091,0.9791666666666666,1.0,-0.75,0.0
1.0,-1.0,-0.020833333333333332,1.0,1.0,-1.0
1.0,1.0,1.0,1.0,0.625,1.0
1.0,1.0,1.0,1.0,-0.375,1.0
-0.9914529914529915,1.0,1.0,1.0,-0.5,1.0
0.9914163090128756,1.0,1.0,1.0,-0.25,1.0
1.0,-0.9847328244274809,-0.9361702127659575,-1.0,1.0,-1.0
-1.0,0.9847328244274809,0.9375,0.0,-1.0,1.0
1.0,-1.0,-0.9166666666666666,0.0,0.875,0.0
-1.0,1.0,1.0,0.0,0.0,1.0
-1.0,1.0,1.0,0.03333333333333333,0.0,1.0
-1.0,1.0,1.0,-1.0,0.125,1.0
1.0,1.0,-1.0,0.0,0.0,1.0
-1.0,1.0,0.0,-1.0,0.125,1.0
-1.0,1.0,0.9583333333333334,-1.0,0.125,1.0
-1.0,1.0,1.0,-0.06666666666666667,0.0,1.0
-0.9743589743589743,1.0,1.0,-1.0,-0.125,1.0
1.0,-1.0,-1.0,-1.0,-1.0,-1.0
-0.9914529914529915,0.9847328244274809,1.0,0.8666666666666667,0.75,1.0
0.9914893617021276,-1.0,-1.0,-0.06896551724137931,0.0,-1.0
-0.9914529914529915,0.9692307692307692,1.0,0.9310344827586207,0.125,-1.0
1.0,-0.9846153846153847,-1.0,-1.0,0.0,-1.0
1.0,-0.984375,1.0,-0.1724137931034483,0.0,-1.0
1.0,-1.0,-0.020833333333333332,0.0,0.0,-1.0
-0.9914893617021276,1.0,1.0,1.0,-0.125,-1.0
1.0,-1.0,-1.0,-1.0,-1.0,-1.0
0.9913419913419913,0.9844961240310077,1.0,0.9310344827586207,-1.0,1.0
1.0,0.952755905511811,1.0,1.0,0.25,1.0
-1.0,1.0,1.0,1.0,1.0,1.0
1.0,-1.0,-0.9791666666666666,-1.0,-1.0,-1.0
1.0,1.0,1.0,0.9285714285714286,0.75,1.0
1.0,1.0,1.0,1.0,0.4444444444444444,1.0
-1.0,1.0,1.0,1.0,1.0,0.0
-1.0,1.0,1.0,1.0,1.0,1.0
-1.0,1.0,1.0,1.0,1.0,1.0
-1.0,1.0,0.043478260869565216,0.9333333333333333,1.0,1.0
-1.0,1.0,0.0,1.0,1.0,1.0
0.956140350877193,0.023255813953488372,1.0,0.9,1.0,1.0
1.0,0.9846153846153847,0.9361702127659575,1.0,1.0,1.0
-0.9911504424778761,0.007692307692307693,-0.9361702127659575,1.0,1.0,0.0
1.0,0.0,0.020833333333333332,1.0,1.0,0.0
-0.9822222222222222,1.0,1.0,1.0,1.0,1.0
1.0,-1.0,0,0,0,0
-0.9822222222222222,-0.6371681415929203,0.9024390243902439,-0.25,0.2857142857142857,-1.0
-1.0,1.0,0.06521739130434782,1.0,0.5555555555555556,1.0
1.0,0.984251968503937,1.0,1.0,0.0,1.0
-1.0,1.0,1.0,1.0,0.0,1.0
-1.0,1.0,1.0,1.0,0.0,1.0
1.0,1.0,1.0,1.0,0.5555555555555556,1.0
1.0,0.10077519379844961,0.041666666666666664,1.0,-1.0,0.0
-1.0,1.0,1.0,1.0,0.375,1.0
-1.0,1.0,1.0,1.0,1.0,1.0
-1.0,1.0,1.0,1.0,0.1111111111111111,1.0
-1.0,1.0,1.0,1.0,-0.6666666666666666,1.0
-1.0,1.0,1.0,1.0,-0.7777777777777778,1.0
-0.9956140350877193,1.0,1.0,1.0,-0.7777777777777778,1.0
-1.0,1.0,1.0,1.0,-0.2222222222222222,1.0
-1.0,1.0,1.0,1.0,-1.0,1.0
-1.0,1.0,1.0,1.0,0.2222222222222222,1.0
-1.0,1.0,1.0,1.0,-0.8888888888888888,0.0
-1.0,1.0,1.0,1.0,0.7777777777777778,1.0
-1.0,1.0,1.0,1.0,1.0,1.0
-1.0,1.0,1.0,1.0,1.0,1.0
1.0,0.0,1.0,1.0,0.7777777777777778,1.0
1.0,-0.9923076923076923,-0.8723404255319149,0.9333333333333333,0.1111111111111111,-1.0
-1.0,0.9765625,1.0,1.0,-1.0,1.0
-1.0,0.9922480620155039,1.0,-0.9,-1.0,1.0
-1.0,0.9922480620155039,1.0,-0.9310344827586207,-0.875,1.0
-0.9912663755458515,1.0,1.0,0.9333333333333333,-0.4444444444444444,1.0
1.0,0.8046875,1.0,0.9310344827586207,0.1111111111111111,1.0
-1.0,1.0,1.0,1.0,1.0,1.0
1.0,1.0,1.0,1.0,0.7777777777777778,1.0
1.0,0.9534883720930233,1.0,1.0,0.7777777777777778,1.0
-0.9737991266375546,1.0,0.9565217391304348,1.0,-0.14285714285714285,1.0
1.0,1.0,1.0,1.0,1.0,1.0
1.0,0.9918032786885246,1.0,1.0,1.0,1.0
1.0,-1.0,1.0,-1.0,1.0,-1.0
1.0,1.0,0.9583333333333334,0.9583333333333334,1.0,1.0
-1.0,0.9838709677419355,1.0,1.0,0.0,1.0
-1.0,1.0,1.0,1.0,1.0,1.0
-1.0,1.0,1.0,1.0,1.0,1.0
1.0,-0.9838709677419355,-1.0,0.0,-1.0,-1.0
-0.9956521739130435,1.0,0.9148936170212766,1.0,1.0,1.0
-0.9913419913419913,1.0,1.0,1.0,1.0,1.0
-0.991304347826087,0.024390243902439025,1.0,1.0,1.0,0.0
-0.9956709956709957,0.10483870967741936,-0.7916666666666666,1.0,1.0,0.0
-0.9912663755458515,1.0,0.9583333333333334,1.0,1.0,1.0
-1.0,0.9834710743801653,1.0,0.75,1.0,1.0
-1.0,1.0,1.0,1.0,1.0,1.0
1.0,1.0,1.0,1.0,1.0,1.0
1.0,0.024193548387096774,1.0,1.0,0.0,0.0
-1.0,1.0,1.0,1.0,0.8571428571428571,0.0
1.0,-0.008064516129032258,1.0,0.88,0.0,1.0
1.0,0.9672131147540983,1.0,1.0,1.0,1.0
1.0,-1.0,-0.95,-0.7142857142857143,-0.3333333333333333,-1.0
1.0,-1.0,-1.0,-1.0,-1.0,-1.0
1.0,-1.0,-1.0,-1.0,-0.7777777777777778,-1.0
-1.0,1.0,1.0,1.0,0.1111111111111111,1.0
-0.9911894273127754,1.0,1.0,0.9285714285714286,0.2,1.0
-1.0,1.0,1.0,1.0,0.9,1.0
1.0,-1.0,-1.0,-1.0,-1.0,-1.0
1.0,-1.0,-1.0,-1.0,-1.0,-1.0
1.0,-1.0,-1.0,-1.0,-0.9,-1.0
1.0,-1.0,-1.0,-1.0,-0.8888888888888888,-1.0
1.0,-1.0,-1.0,-1.0,-1.0,-1.0
0.9666666666666667,1.0,1.0,0.9642857142857143,-0.1,1.0
1.0,-1.0,-1.0,-1.0,-1.0,-1.0
1.0,-1.0,-1.0,-1.0,-1.0,-1.0
-0.9914163090128756,-1.0,-1.0,-1.0,-1.0,-1.0
-1.0,-1.0,-1.0,-1.0,-1.0,-1.0
0.9957081545064378,-1.0,-0.5681818181818182,-1.0,-1.0,-1.0
-1.0,-1.0,-1.0,-1.0,-1.0,-1.0
-1.0,0.96875,1.0,1.0,-1.0,1.0
-1.0,0.9921875,1.0,0.52,-0.1,1.0
-1.0,0.9921875,1.0,0.0,-1.0,1.0
0.982532751091703,1.0,1.0,1.0,1.0,1.0
-1.0,1.0,1.0,1.0,-1.0,1.0
-1.0,1.0,1.0,0.2962962962962963,0.0,1.0
-0.9956331877729258,0.9923076923076923,0.9565217391304348,0.07142857142857142,-0.1,1.0
-0.9956896551724138,0.9921875,1.0,0.17857142857142858,-0.1,1.0
-1.0,0.9922480620155039,1.0,0.03571428571428571,0.0,1.0
-1.0,0.9922480620155039,1.0,1.0,1.0,1.0
-1.0,0.9922480620155039,-1.0,1.0,0.0,1.0
-1.0,0.9922480620155039,1.0,1.0,0.0,1.0
-1.0,0.9921259842519685,1.0,0.8928571428571429,-1.0,1.0
0.9655172413793104,0.9921259842519685,-0.9130434782608695,1.0,0.1,1.0
1.0,-0.937984496124031,-0.8478260869565217,0.9615384615384616,1.0,1.0
-1.0,0.9846153846153847,1.0,-0.38461538461538464,1.0,1.0
0.9913793103448276,1.0,1.0,0.8461538461538461,0.0,1.0
1.0,-1.0,-1.0,-1.0,-0.8,-1.0
-1.0,1.0,1.0,1.0,0.0,1.0
-1.0,1.0,0.21212121212121213,1.0,0.0,1.0
-1.0,1.0,0.2,1.0,0.0,1.0
-1.0,1.0,0.10869565217391304,1.0,0.0,1.0
-1.0,1.0,0.06521739130434782,1.0,0.0,1.0
-1.0,1.0,1.0,1.0,0.0,1.0
-1.0,-1.0,-0.9565217391304348,0.5555555555555556,0.0,-1.0
-1.0,1.0,1.0,1.0,0.0,1.0
-1.0,1.0,1.0,1.0,0.0,1.0
-1.0,1.0,1.0,1.0,0.0,1.0
-1.0,1.0,1.0,1.0,0.0,1.0
-1.0,1.0,1.0,1.0,0.0,1.0
-1.0,1.0,1.0,1.0,0.0,1.0
-1.0,1.0,1.0,1.0,0.0,1.0
-1.0,1.0,1.0,1.0,0.0,1.0
-1.0,1.0,1.0,1.0,0.0,1.0
-1.0,1.0,1.0,1.0,0.0,-1.0
-1.0,1.0,1.0,1.0,0.0,1.0
-1.0,1.0,1.0,1.0,0.0,1.0
-1.0,1.0,1.0,1.0,0.0,1.0
-1.0,1.0,1.0,1.0,0.0,1.0
-1.0,1.0,1.0,1.0,0.0,1.0
-0.9955555555555555,1.0,1.0,1.0,0.0,1.0
-1.0,1.0,1.0,1.0,0.0,1.0
-1.0,1.0,1.0,1.0,0.0,1.0
-1.0,1.0,1.0,1.0,0.0,1.0
-1.0,1.0,1.0,1.0,0.0,1.0
-1.0,1.0,1.0,1.0,0.0,1.0
-1.0,1.0,1.0,1.0,0.0,1.0
-1.0,1.0,1.0,1.0,0.0,1.0
-1.0,-1.0,-0.8260869565217391,0.5714285714285714,0.0,-1.0
-1.0,0.9846153846153847,1.0,1.0,0.0,1.0
-1.0,1.0,1.0,1.0,0.0,1.0
-1.0,-1.0,-1.0,0.7857142857142857,0.0,1.0
-1.0,1.0,1.0,1.0,0.0,1.0
-1.0,1.0,1.0,1.0,0.0,1.0
-1.0,0.9846153846153847,1.0,1.0,0.0,1.0
-1.0,1.0,1.0,1.0,0.0,1.0
-1.0,1.0,1.0,1.0,0.0,1.0
-1.0,1.0,1.0,1.0,0.0,1.0
-1.0,1.0,1.0,1.0,0.0,1.0
-1.0,1.0,1.0,1.0,0.0,1.0
-1.0,0.9844961240310077,1.0,1.0,0.0,1.0
1.0,-1.0,-0.9565217391304348,0.6153846153846154,0.0,-1.0
1.0,-1.0,-1.0,0.5,0.0,-1.0
-1.0,1.0,1.0,1.0,0.0,1.0
-1.0,1.0,1.0,1.0,0.0,1.0
-1.0,1.0,1.0,1.0,0.0,1.0
-0.9827586206896551,-0.9076923076923077,-1.0,0.6428571428571429,0.0,-1.0
-1.0,1.0,1.0,1.0,0.0,1.0
-1.0,1.0,1.0,1.0,0.0,1.0
-1.0,1.0,1.0,1.0,0.0,1.0
-1.0,1.0,1.0,1.0,0.0,1.0
-0.9914163090128756,-1.0,-1.0,0.7857142857142857,0.0,-1.0
1.0,-1.0,0.9130434782608695,-0.8571428571428571,0.0,-1.0
-1.0,1.0,1.0,1.0,0.0,1.0
-1.0,1.0,1.0,1.0,0.0,1.0
-1.0,1.0,1.0,1.0,0.0,1.0
-1.0,1.0,1.0,1.0,0.0,1.0
-0.9913419913419913,1.0,1.0,1.0,0.0,1.0
-1.0,1.0,1.0,1.0,0.0,1.0
-1.0,1.0,0.9565217391304348,1.0,0.0,1.0
-1.0,1.0,0.9565217391304348,1.0,0.0,1.0
-1.0,1.0,1.0,1.0,0.0,1.0
-0.9956896551724138,1.0,1.0,1.0,0.0,1.0
-1.0,1.0,1.0,1.0,0.0,1.0
-1.0,1.0,1.0,1.0,0.0,1.0
-1.0,-1.0,-1.0,0.5714285714285714,0.0,-1.0
-1.0,1.0,1.0,1.0,0.0,1.0
-1.0,1.0,1.0,1.0,0.0,1.0
-1.0,1.0,1.0,1.0,0.0,1.0
-1.0,-1.0,-1.0,0.5714285714285714,0.0,-1.0
-1.0,1.0,1.0,1.0,0.0,1.0
-1.0,-1.0,-0.9565217391304348,0.42857142857142855,0.0,-1.0
-1.0,1.0,1.0,1.0,0.0,1.0
-1.0,0.9692307692307692,1.0,1.0,0.0,1.0
-1.0,1.0,1.0,1.0,0.0,1.0
-1.0,1.0,1.0,1.0,0.0,1.0
-1.0,1.0,1.0,1.0,0.0,1.0
-1.0,1.0,1.0,1.0,0.0,1.0
-1.0,1.0,1.0,1.0,0.0,1.0
-1.0,1.0,1.0,1.0,0.0,1.0
-1.0,1.0,1.0,1.0,0.0,1.0
-1.0,1.0,1.0,1.0,0.0,1.0
-1.0,1.0,1.0,1.0,0.0,1.0
-1.0,1.0,1.0,1.0,0.0,1.0
-1.0,1.0,1.0,1.0,0.0,1.0
-1.0,1.0,1.0,1.0,0.0,1.0
-1.0,1.0,1.0,1.0,0.0,1.0
-1.0,1.0,1.0,1.0,0.0,1.0
-1.0,1.0,1.0,1.0,0.0,1.0
-1.0,1.0,1.0,1.0,0.0,-1.0
1.0,-1.0,-1.0,-1.0,0.0,-1.0
1.0,-1.0,-1.0,-0.7083333333333334,1.0,0
1.0,1.0,1.0,1.0,-1.0,0
0.990990990990991,1.0,1.0,1.0,0.0,0
0.9954128440366973,0.9495798319327731,1.0,1.0,0.5,0
1.0,0.0,0.9795918367346939,1.0,-1.0,1.0
1.0,0.9913793103448276,1.0,1.0,-1.0,1.0
0.8461538461538461,1.0,1.0,0.9655172413793104,-1.0,1.0
1.0,0.9465648854961832,1.0,1.0,-1.0,1.0
0.8928571428571429,1.0,1.0,1.0,-1.0,1.0
0.9957446808510638,-0.0390625,0.6808510638297872,1.0,-1.0,1.0
0.9260869565217391,0.9923664122137404,1.0,1.0,-1.0,1.0
1.0,0.984375,0.9583333333333334,1.0,-1.0,1.0
1.0,1.0,1.0,1.0,-1.0,1.0
1.0,1.0,1.0,1.0,-1.0,1.0
0.991304347826087,1.0,1.0,1.0,-1.0,1.0
1.0,1.0,1.0,1.0,1.0,1.0
1.0,1.0,1.0,1.0,-1.0,1.0
1.0,-0.9621212121212122,-1.0,-0.9642857142857143,-1.0,0.0
1.0,-1.0,-0.9782608695652174,-0.9642857142857143,-0.8181818181818182,-1.0
1.0,0.42105263157894735,-0.02631578947368421,0.4782608695652174,-0.5454545454545454,0.0
-0.9743589743589743,0.9473684210526315,0.6041666666666666,1.0,-0.6363636363636364,0.0
1.0,-0.9318181818181818,-0.6829268292682927,-0.782608695652174,-0.8181818181818182,0.0
-1.0,0.9849624060150376,0.8478260869565217,0.9285714285714286,-0.45454545454545453,1.0
1.0,-1.0,-0.7659574468085106,-0.39285714285714285,-0.8181818181818182,0.0
0.9914893617021276,0.7372881355932204,0.42105263157894735,0.5925925925925926,-0.8181818181818182,1.0
-1.0,0.9923664122137404,1.0,1.0,1.0,1.0
1.0,-1.0,-0.9166666666666666,-1.0,-1.0,-1.0
1.0,-0.9848484848484849,-1.0,-0.9615384615384616,-1.0,-1.0
-1.0,0.9545454545454546,0.4583333333333333,1.0,1.0,1.0
1.0,-0.9848484848484849,-0.8333333333333334,-0.84,-1.0,-1.0
-0.9741379310344828,0.9847328244274809,0.9166666666666666,1.0,1.0,1.0
0.9913793103448276,-0.9924242424242424,-1.0,-1.0,-1.0,-1.0
-1.0,0.984375,1.0,1.0,1.0,1.0
-1.0,1.0,1.0,0.9090909090909091,0.0,1.0
-1.0,1.0,1.0,1.0,0.0,1.0
1.0,0.0078125,-1.0,0.0,-1.0,0.0
-1.0,0.9847328244274809,1.0,1.0,0.18181818181818182,1.0
-1.0,1.0,1.0,1.0,0.0,1.0
-1.0,1.0,1.0,1.0,1.0,1.0
-1.0,0.9846153846153847,1.0,1.0,0.0,1.0
-1.0,1.0,0.9574468085106383,0.9230769230769231,0.0,1.0
1.0,-0.8778625954198473,-0.9583333333333334,0.15384615384615385,-1.0,-1.0
1.0,-1.0,-1.0,-1.0,-1.0,-1.0
-0.9871244635193133,0.9389312977099237,1.0,0.9230769230769231,0.0,1.0
0.9957264957264957,-1.0,-0.4583333333333333,-1.0,-1.0,-1.0
1.0,0.9923076923076923,0.9375,0.96,-1.0,1.0
1.0,1.0,0.9791666666666666,0.92,0.0,1.0
-1.0,1.0,1.0,1.0,1.0,1.0
1.0,-1.0,-1.0,-0.9230769230769231,-1.0,-1.0
1.0,-1.0,-1.0,-1.0,-1.0,-1.0
0.9913419913419913,-1.0,-1.0,-1.0,-1.0,-1.0
1.0,-1.0,-1.0,-0.9615384615384616,-0.36363636363636365,-1.0
1.0,1.0,1.0,1.0,0,0
